-- phpMyAdmin SQL Dump
-- version 5.0.4
-- https://www.phpmyadmin.net/
--
-- Host: 127.0.0.1
-- Generation Time: Nov 25, 2021 at 12:33 PM
-- Server version: 10.4.17-MariaDB
-- PHP Version: 8.0.2

SET SQL_MODE = "NO_AUTO_VALUE_ON_ZERO";
START TRANSACTION;
SET time_zone = "+00:00";


/*!40101 SET @OLD_CHARACTER_SET_CLIENT=@@CHARACTER_SET_CLIENT */;
/*!40101 SET @OLD_CHARACTER_SET_RESULTS=@@CHARACTER_SET_RESULTS */;
/*!40101 SET @OLD_COLLATION_CONNECTION=@@COLLATION_CONNECTION */;
/*!40101 SET NAMES utf8mb4 */;

--
-- Database: `shop`
--

-- --------------------------------------------------------

--
-- Table structure for table `addresses`
--

CREATE TABLE `addresses` (
  `id` bigint(20) UNSIGNED NOT NULL,
  `voivodeship` varchar(255) COLLATE utf8mb4_unicode_ci NOT NULL,
  `city` varchar(255) COLLATE utf8mb4_unicode_ci NOT NULL,
  `postal_code` varchar(255) COLLATE utf8mb4_unicode_ci NOT NULL,
  `street` varchar(255) COLLATE utf8mb4_unicode_ci NOT NULL,
  `number` varchar(255) COLLATE utf8mb4_unicode_ci NOT NULL,
  `created_at` timestamp NULL DEFAULT NULL,
  `updated_at` timestamp NULL DEFAULT NULL
) ENGINE=InnoDB DEFAULT CHARSET=utf8mb4 COLLATE=utf8mb4_unicode_ci;

--
-- Dumping data for table `addresses`
--

INSERT INTO `addresses` (`id`, `voivodeship`, `city`, `postal_code`, `street`, `number`, `created_at`, `updated_at`) VALUES
(1, 'Missouri', 'East Whitney', '83383-3861', 'Rod Turnpike', '53011', '2021-08-02 18:47:13', '2021-08-02 18:47:13'),
(2, 'Washington', 'Ritchieton', '90815', 'Alia Shoal', '44310', '2021-08-02 18:47:13', '2021-08-02 18:47:13'),
(3, 'Vermont', 'Merlburgh', '84960-4960', 'Mann Trail', '582', '2021-08-02 18:47:13', '2021-08-02 18:47:13'),
(4, 'Iowa', 'East Goldenchester', '67739', 'O\'Reilly Ford', '4577', '2021-08-02 18:47:13', '2021-08-02 18:47:13'),
(5, 'Wyoming', 'Port Terencefort', '19151-3292', 'Waters Village', '82363', '2021-08-02 18:47:13', '2021-08-02 18:47:13'),
(6, 'Indiana', 'East Fayfurt', '91089', 'Schoen Road', '16327', '2021-08-02 18:47:13', '2021-08-02 18:47:13'),
(7, 'Tennessee', 'Carolynborough', '88007-3547', 'Joanny Plains', '654', '2021-08-02 18:47:13', '2021-08-02 18:47:13'),
(8, 'South Dakota', 'New Elias', '17844-2483', 'Moen Islands', '17995', '2021-08-02 18:47:13', '2021-08-02 18:47:13'),
(9, 'Oregon', 'DuBuquebury', '76443-6908', 'Kuhn Rue', '24328', '2021-08-02 18:47:13', '2021-08-02 18:47:13'),
(10, 'Washington', 'Vernamouth', '93383', 'Kuhn Street', '30340', '2021-08-02 18:47:13', '2021-08-02 18:47:13'),
(11, 'Colorado', 'South Wilmerville', '48252', 'Osborne Avenue', '7781', '2021-08-02 18:47:13', '2021-08-02 18:47:13'),
(12, 'North Dakota', 'South Sandrabury', '48127', 'Herzog Bypass', '8183', '2021-08-02 18:47:13', '2021-08-02 18:47:13'),
(13, 'Indiana', 'Jadenmouth', '12700', 'Kihn Springs', '97287', '2021-08-02 18:47:13', '2021-08-02 18:47:13'),
(14, 'Missouri', 'West Adriannabury', '93383-1504', 'Von Trace', '2043', '2021-08-02 18:47:13', '2021-08-02 18:47:13'),
(15, 'New Hampshire', 'Ezequieltown', '16159', 'Reynold Walks', '1246', '2021-08-02 18:47:13', '2021-08-02 18:47:13'),
(16, 'Florida', 'Mayerhaven', '48273', 'Omari River', '37940', '2021-08-02 18:47:13', '2021-08-02 18:47:13'),
(17, 'Alabama', 'South Blanchefort', '18243', 'Lucio Burg', '935', '2021-08-02 18:47:13', '2021-08-02 18:47:13'),
(18, 'Florida', 'Majormouth', '58389-4748', 'Alexane Fork', '321', '2021-08-02 18:47:13', '2021-08-02 18:47:13'),
(19, 'Delaware', 'Cristianfort', '00638-5597', 'Roger Mills', '23802', '2021-08-02 18:47:13', '2021-08-02 18:47:13'),
(20, 'Oklahoma', 'North Bonniefort', '21415-1308', 'Christelle Glens', '3217', '2021-08-02 18:47:13', '2021-08-02 18:47:13'),
(21, 'Indiana', 'East Claudiestad', '51492', 'Kade Underpass', '9705', '2021-08-02 18:47:13', '2021-08-02 18:47:13'),
(22, 'Texas', 'West Douglas', '60511-2062', 'Stoltenberg Parkway', '193', '2021-08-02 18:47:13', '2021-08-02 18:47:13'),
(23, 'Delaware', 'Leslyburgh', '34690', 'Homenick Port', '24432', '2021-08-02 18:47:13', '2021-08-02 18:47:13'),
(24, 'Mississippi', 'Port Elliston', '58829', 'Baumbach Orchard', '747', '2021-08-02 18:47:13', '2021-08-02 18:47:13'),
(25, 'Utah', 'Gorczanyfort', '21007', 'Quitzon Road', '281', '2021-08-02 18:47:13', '2021-08-02 18:47:13'),
(26, 'Wielkopolskie', 'Poznań', '60-200', 'Nowa', '13/8', '2021-08-16 09:35:24', '2021-08-16 09:35:24'),
(27, 'Wielkopolskie', 'Poznań', '60-200', 'Nowa', '13/8', '2021-08-16 09:35:24', '2021-08-16 09:35:24'),
(28, 'New York', 'New York', '60-200', 'New street', '13/8', '2021-08-18 06:21:43', '2021-08-18 06:21:43'),
(29, 'Miami', 'Miami', '60-200', 'Nowa', '13/8', '2021-08-18 06:21:43', '2021-08-18 06:21:43'),
(30, 'New York', 'New York', '60-200', 'New street', '13/8', '2021-08-18 06:33:03', '2021-08-18 06:33:03'),
(31, 'Miami', 'Miami', '60-200', 'Nowa', '13/8', '2021-08-18 06:33:03', '2021-08-18 06:33:03');

-- --------------------------------------------------------

--
-- Table structure for table `administration_employees`
--

CREATE TABLE `administration_employees` (
  `id` bigint(20) UNSIGNED NOT NULL,
  `user_id` bigint(20) UNSIGNED NOT NULL,
  `correspondence_address_id` bigint(20) UNSIGNED NOT NULL,
  `home_address_id` bigint(20) UNSIGNED NOT NULL,
  `created_at` timestamp NULL DEFAULT NULL,
  `updated_at` timestamp NULL DEFAULT NULL
) ENGINE=InnoDB DEFAULT CHARSET=utf8mb4 COLLATE=utf8mb4_unicode_ci;

--
-- Dumping data for table `administration_employees`
--

INSERT INTO `administration_employees` (`id`, `user_id`, `correspondence_address_id`, `home_address_id`, `created_at`, `updated_at`) VALUES
(1, 3, 19, 22, '2021-08-02 18:47:13', '2021-08-02 18:47:13'),
(2, 4, 4, 8, '2021-08-02 18:47:13', '2021-08-02 18:47:13'),
(3, 1, 14, 17, '2021-08-02 18:47:13', '2021-08-02 18:47:13'),
(4, 7, 15, 20, '2021-08-02 18:47:13', '2021-08-02 18:47:13'),
(5, 6, 18, 13, '2021-08-02 18:47:13', '2021-08-02 18:47:13');

-- --------------------------------------------------------

--
-- Table structure for table `api_posts`
--

CREATE TABLE `api_posts` (
  `id` bigint(20) UNSIGNED NOT NULL,
  `user_id` bigint(20) UNSIGNED NOT NULL,
  `title` varchar(255) COLLATE utf8mb4_unicode_ci NOT NULL,
  `body` text COLLATE utf8mb4_unicode_ci NOT NULL,
  `created_at` timestamp NULL DEFAULT NULL,
  `updated_at` timestamp NULL DEFAULT NULL
) ENGINE=InnoDB DEFAULT CHARSET=utf8mb4 COLLATE=utf8mb4_unicode_ci;

-- --------------------------------------------------------

--
-- Table structure for table `api_users`
--

CREATE TABLE `api_users` (
  `id` bigint(20) UNSIGNED NOT NULL,
  `name` varchar(255) COLLATE utf8mb4_unicode_ci NOT NULL,
  `username` varchar(255) COLLATE utf8mb4_unicode_ci NOT NULL,
  `email` varchar(255) COLLATE utf8mb4_unicode_ci NOT NULL,
  `created_at` timestamp NULL DEFAULT NULL,
  `updated_at` timestamp NULL DEFAULT NULL
) ENGINE=InnoDB DEFAULT CHARSET=utf8mb4 COLLATE=utf8mb4_unicode_ci;

-- --------------------------------------------------------

--
-- Table structure for table `failed_jobs`
--

CREATE TABLE `failed_jobs` (
  `id` bigint(20) UNSIGNED NOT NULL,
  `uuid` varchar(255) COLLATE utf8mb4_unicode_ci NOT NULL,
  `connection` text COLLATE utf8mb4_unicode_ci NOT NULL,
  `queue` text COLLATE utf8mb4_unicode_ci NOT NULL,
  `payload` longtext COLLATE utf8mb4_unicode_ci NOT NULL,
  `exception` longtext COLLATE utf8mb4_unicode_ci NOT NULL,
  `failed_at` timestamp NOT NULL DEFAULT current_timestamp()
) ENGINE=InnoDB DEFAULT CHARSET=utf8mb4 COLLATE=utf8mb4_unicode_ci;

--
-- Dumping data for table `failed_jobs`
--

INSERT INTO `failed_jobs` (`id`, `uuid`, `connection`, `queue`, `payload`, `exception`, `failed_at`) VALUES
(5, '679f037a-262d-428d-a242-c82bbaabb645', 'database', 'default', '{\"uuid\":\"679f037a-262d-428d-a242-c82bbaabb645\",\"displayName\":\"App\\\\Notifications\\\\UserSearched\",\"job\":\"Illuminate\\\\Queue\\\\CallQueuedHandler@call\",\"maxTries\":null,\"maxExceptions\":null,\"backoff\":\"\",\"timeout\":null,\"retryUntil\":null,\"data\":{\"commandName\":\"Illuminate\\\\Notifications\\\\SendQueuedNotifications\",\"command\":\"O:48:\\\"Illuminate\\\\Notifications\\\\SendQueuedNotifications\\\":16:{s:11:\\\"notifiables\\\";O:45:\\\"Illuminate\\\\Contracts\\\\Database\\\\ModelIdentifier\\\":4:{s:5:\\\"class\\\";s:20:\\\"App\\\\Models\\\\User\\\\User\\\";s:2:\\\"id\\\";a:1:{i:0;i:2;}s:9:\\\"relations\\\";a:0:{}s:10:\\\"connection\\\";s:5:\\\"mysql\\\";}s:12:\\\"notification\\\";O:30:\\\"App\\\\Notifications\\\\UserSearched\\\":11:{s:2:\\\"id\\\";s:36:\\\"a418dead-0a82-41a2-9361-660f1b33200f\\\";s:6:\\\"locale\\\";N;s:10:\\\"connection\\\";N;s:5:\\\"queue\\\";N;s:15:\\\"chainConnection\\\";N;s:10:\\\"chainQueue\\\";N;s:19:\\\"chainCatchCallbacks\\\";N;s:5:\\\"delay\\\";N;s:11:\\\"afterCommit\\\";N;s:10:\\\"middleware\\\";a:0:{}s:7:\\\"chained\\\";a:0:{}}s:8:\\\"channels\\\";a:1:{i:0;s:4:\\\"mail\\\";}s:5:\\\"tries\\\";N;s:7:\\\"timeout\\\";N;s:17:\\\"shouldBeEncrypted\\\";b:0;s:3:\\\"job\\\";N;s:10:\\\"connection\\\";N;s:5:\\\"queue\\\";N;s:15:\\\"chainConnection\\\";N;s:10:\\\"chainQueue\\\";N;s:19:\\\"chainCatchCallbacks\\\";N;s:5:\\\"delay\\\";N;s:11:\\\"afterCommit\\\";N;s:10:\\\"middleware\\\";a:0:{}s:7:\\\"chained\\\";a:0:{}}\"}}', 'Swift_TransportException: Cannot send message without a sender address in C:\\Users\\RelesaU\\Desktop\\Nauka\\jezyki\\php\\Laravel\\API laravel\\en\\laravelApiWithMail\\vendor\\swiftmailer\\swiftmailer\\lib\\classes\\Swift\\Transport\\AbstractSmtpTransport.php:195\nStack trace:\n#0 C:\\Users\\RelesaU\\Desktop\\Nauka\\jezyki\\php\\Laravel\\API laravel\\en\\laravelApiWithMail\\vendor\\swiftmailer\\swiftmailer\\lib\\classes\\Swift\\Mailer.php(71): Swift_Transport_AbstractSmtpTransport->send(Object(Swift_Message), Array)\n#1 C:\\Users\\RelesaU\\Desktop\\Nauka\\jezyki\\php\\Laravel\\API laravel\\en\\laravelApiWithMail\\vendor\\laravel\\framework\\src\\Illuminate\\Mail\\Mailer.php(521): Swift_Mailer->send(Object(Swift_Message), Array)\n#2 C:\\Users\\RelesaU\\Desktop\\Nauka\\jezyki\\php\\Laravel\\API laravel\\en\\laravelApiWithMail\\vendor\\laravel\\framework\\src\\Illuminate\\Mail\\Mailer.php(288): Illuminate\\Mail\\Mailer->sendSwiftMessage(Object(Swift_Message))\n#3 C:\\Users\\RelesaU\\Desktop\\Nauka\\jezyki\\php\\Laravel\\API laravel\\en\\laravelApiWithMail\\vendor\\laravel\\framework\\src\\Illuminate\\Mail\\Mailable.php(186): Illuminate\\Mail\\Mailer->send(Object(Illuminate\\Support\\HtmlString), Array, Object(Closure))\n#4 C:\\Users\\RelesaU\\Desktop\\Nauka\\jezyki\\php\\Laravel\\API laravel\\en\\laravelApiWithMail\\vendor\\laravel\\framework\\src\\Illuminate\\Support\\Traits\\Localizable.php(19): Illuminate\\Mail\\Mailable->Illuminate\\Mail\\{closure}()\n#5 C:\\Users\\RelesaU\\Desktop\\Nauka\\jezyki\\php\\Laravel\\API laravel\\en\\laravelApiWithMail\\vendor\\laravel\\framework\\src\\Illuminate\\Mail\\Mailable.php(187): Illuminate\\Mail\\Mailable->withLocale(NULL, Object(Closure))\n#6 C:\\Users\\RelesaU\\Desktop\\Nauka\\jezyki\\php\\Laravel\\API laravel\\en\\laravelApiWithMail\\vendor\\laravel\\framework\\src\\Illuminate\\Notifications\\Channels\\MailChannel.php(59): Illuminate\\Mail\\Mailable->send(Object(Illuminate\\Mail\\MailManager))\n#7 C:\\Users\\RelesaU\\Desktop\\Nauka\\jezyki\\php\\Laravel\\API laravel\\en\\laravelApiWithMail\\vendor\\laravel\\framework\\src\\Illuminate\\Notifications\\NotificationSender.php(148): Illuminate\\Notifications\\Channels\\MailChannel->send(Object(App\\Models\\User\\User), Object(App\\Notifications\\UserSearched))\n#8 C:\\Users\\RelesaU\\Desktop\\Nauka\\jezyki\\php\\Laravel\\API laravel\\en\\laravelApiWithMail\\vendor\\laravel\\framework\\src\\Illuminate\\Notifications\\NotificationSender.php(106): Illuminate\\Notifications\\NotificationSender->sendToNotifiable(Object(App\\Models\\User\\User), \'07ac5997-2916-4...\', Object(App\\Notifications\\UserSearched), \'mail\')\n#9 C:\\Users\\RelesaU\\Desktop\\Nauka\\jezyki\\php\\Laravel\\API laravel\\en\\laravelApiWithMail\\vendor\\laravel\\framework\\src\\Illuminate\\Support\\Traits\\Localizable.php(19): Illuminate\\Notifications\\NotificationSender->Illuminate\\Notifications\\{closure}()\n#10 C:\\Users\\RelesaU\\Desktop\\Nauka\\jezyki\\php\\Laravel\\API laravel\\en\\laravelApiWithMail\\vendor\\laravel\\framework\\src\\Illuminate\\Notifications\\NotificationSender.php(109): Illuminate\\Notifications\\NotificationSender->withLocale(NULL, Object(Closure))\n#11 C:\\Users\\RelesaU\\Desktop\\Nauka\\jezyki\\php\\Laravel\\API laravel\\en\\laravelApiWithMail\\vendor\\laravel\\framework\\src\\Illuminate\\Notifications\\ChannelManager.php(54): Illuminate\\Notifications\\NotificationSender->sendNow(Object(Illuminate\\Database\\Eloquent\\Collection), Object(App\\Notifications\\UserSearched), Array)\n#12 C:\\Users\\RelesaU\\Desktop\\Nauka\\jezyki\\php\\Laravel\\API laravel\\en\\laravelApiWithMail\\vendor\\laravel\\framework\\src\\Illuminate\\Notifications\\SendQueuedNotifications.php(104): Illuminate\\Notifications\\ChannelManager->sendNow(Object(Illuminate\\Database\\Eloquent\\Collection), Object(App\\Notifications\\UserSearched), Array)\n#13 C:\\Users\\RelesaU\\Desktop\\Nauka\\jezyki\\php\\Laravel\\API laravel\\en\\laravelApiWithMail\\vendor\\laravel\\framework\\src\\Illuminate\\Container\\BoundMethod.php(36): Illuminate\\Notifications\\SendQueuedNotifications->handle(Object(Illuminate\\Notifications\\ChannelManager))\n#14 C:\\Users\\RelesaU\\Desktop\\Nauka\\jezyki\\php\\Laravel\\API laravel\\en\\laravelApiWithMail\\vendor\\laravel\\framework\\src\\Illuminate\\Container\\Util.php(40): Illuminate\\Container\\BoundMethod::Illuminate\\Container\\{closure}()\n#15 C:\\Users\\RelesaU\\Desktop\\Nauka\\jezyki\\php\\Laravel\\API laravel\\en\\laravelApiWithMail\\vendor\\laravel\\framework\\src\\Illuminate\\Container\\BoundMethod.php(93): Illuminate\\Container\\Util::unwrapIfClosure(Object(Closure))\n#16 C:\\Users\\RelesaU\\Desktop\\Nauka\\jezyki\\php\\Laravel\\API laravel\\en\\laravelApiWithMail\\vendor\\laravel\\framework\\src\\Illuminate\\Container\\BoundMethod.php(37): Illuminate\\Container\\BoundMethod::callBoundMethod(Object(Illuminate\\Foundation\\Application), Array, Object(Closure))\n#17 C:\\Users\\RelesaU\\Desktop\\Nauka\\jezyki\\php\\Laravel\\API laravel\\en\\laravelApiWithMail\\vendor\\laravel\\framework\\src\\Illuminate\\Container\\Container.php(611): Illuminate\\Container\\BoundMethod::call(Object(Illuminate\\Foundation\\Application), Array, Array, NULL)\n#18 C:\\Users\\RelesaU\\Desktop\\Nauka\\jezyki\\php\\Laravel\\API laravel\\en\\laravelApiWithMail\\vendor\\laravel\\framework\\src\\Illuminate\\Bus\\Dispatcher.php(128): Illuminate\\Container\\Container->call(Array)\n#19 C:\\Users\\RelesaU\\Desktop\\Nauka\\jezyki\\php\\Laravel\\API laravel\\en\\laravelApiWithMail\\vendor\\laravel\\framework\\src\\Illuminate\\Pipeline\\Pipeline.php(128): Illuminate\\Bus\\Dispatcher->Illuminate\\Bus\\{closure}(Object(Illuminate\\Notifications\\SendQueuedNotifications))\n#20 C:\\Users\\RelesaU\\Desktop\\Nauka\\jezyki\\php\\Laravel\\API laravel\\en\\laravelApiWithMail\\vendor\\laravel\\framework\\src\\Illuminate\\Pipeline\\Pipeline.php(103): Illuminate\\Pipeline\\Pipeline->Illuminate\\Pipeline\\{closure}(Object(Illuminate\\Notifications\\SendQueuedNotifications))\n#21 C:\\Users\\RelesaU\\Desktop\\Nauka\\jezyki\\php\\Laravel\\API laravel\\en\\laravelApiWithMail\\vendor\\laravel\\framework\\src\\Illuminate\\Bus\\Dispatcher.php(132): Illuminate\\Pipeline\\Pipeline->then(Object(Closure))\n#22 C:\\Users\\RelesaU\\Desktop\\Nauka\\jezyki\\php\\Laravel\\API laravel\\en\\laravelApiWithMail\\vendor\\laravel\\framework\\src\\Illuminate\\Queue\\CallQueuedHandler.php(118): Illuminate\\Bus\\Dispatcher->dispatchNow(Object(Illuminate\\Notifications\\SendQueuedNotifications), false)\n#23 C:\\Users\\RelesaU\\Desktop\\Nauka\\jezyki\\php\\Laravel\\API laravel\\en\\laravelApiWithMail\\vendor\\laravel\\framework\\src\\Illuminate\\Pipeline\\Pipeline.php(128): Illuminate\\Queue\\CallQueuedHandler->Illuminate\\Queue\\{closure}(Object(Illuminate\\Notifications\\SendQueuedNotifications))\n#24 C:\\Users\\RelesaU\\Desktop\\Nauka\\jezyki\\php\\Laravel\\API laravel\\en\\laravelApiWithMail\\vendor\\laravel\\framework\\src\\Illuminate\\Pipeline\\Pipeline.php(103): Illuminate\\Pipeline\\Pipeline->Illuminate\\Pipeline\\{closure}(Object(Illuminate\\Notifications\\SendQueuedNotifications))\n#25 C:\\Users\\RelesaU\\Desktop\\Nauka\\jezyki\\php\\Laravel\\API laravel\\en\\laravelApiWithMail\\vendor\\laravel\\framework\\src\\Illuminate\\Queue\\CallQueuedHandler.php(120): Illuminate\\Pipeline\\Pipeline->then(Object(Closure))\n#26 C:\\Users\\RelesaU\\Desktop\\Nauka\\jezyki\\php\\Laravel\\API laravel\\en\\laravelApiWithMail\\vendor\\laravel\\framework\\src\\Illuminate\\Queue\\CallQueuedHandler.php(70): Illuminate\\Queue\\CallQueuedHandler->dispatchThroughMiddleware(Object(Illuminate\\Queue\\Jobs\\DatabaseJob), Object(Illuminate\\Notifications\\SendQueuedNotifications))\n#27 C:\\Users\\RelesaU\\Desktop\\Nauka\\jezyki\\php\\Laravel\\API laravel\\en\\laravelApiWithMail\\vendor\\laravel\\framework\\src\\Illuminate\\Queue\\Jobs\\Job.php(98): Illuminate\\Queue\\CallQueuedHandler->call(Object(Illuminate\\Queue\\Jobs\\DatabaseJob), Array)\n#28 C:\\Users\\RelesaU\\Desktop\\Nauka\\jezyki\\php\\Laravel\\API laravel\\en\\laravelApiWithMail\\vendor\\laravel\\framework\\src\\Illuminate\\Queue\\Worker.php(410): Illuminate\\Queue\\Jobs\\Job->fire()\n#29 C:\\Users\\RelesaU\\Desktop\\Nauka\\jezyki\\php\\Laravel\\API laravel\\en\\laravelApiWithMail\\vendor\\laravel\\framework\\src\\Illuminate\\Queue\\Worker.php(360): Illuminate\\Queue\\Worker->process(\'database\', Object(Illuminate\\Queue\\Jobs\\DatabaseJob), Object(Illuminate\\Queue\\WorkerOptions))\n#30 C:\\Users\\RelesaU\\Desktop\\Nauka\\jezyki\\php\\Laravel\\API laravel\\en\\laravelApiWithMail\\vendor\\laravel\\framework\\src\\Illuminate\\Queue\\Worker.php(158): Illuminate\\Queue\\Worker->runJob(Object(Illuminate\\Queue\\Jobs\\DatabaseJob), \'database\', Object(Illuminate\\Queue\\WorkerOptions))\n#31 C:\\Users\\RelesaU\\Desktop\\Nauka\\jezyki\\php\\Laravel\\API laravel\\en\\laravelApiWithMail\\vendor\\laravel\\framework\\src\\Illuminate\\Queue\\Console\\WorkCommand.php(117): Illuminate\\Queue\\Worker->daemon(\'database\', \'default\', Object(Illuminate\\Queue\\WorkerOptions))\n#32 C:\\Users\\RelesaU\\Desktop\\Nauka\\jezyki\\php\\Laravel\\API laravel\\en\\laravelApiWithMail\\vendor\\laravel\\framework\\src\\Illuminate\\Queue\\Console\\WorkCommand.php(101): Illuminate\\Queue\\Console\\WorkCommand->runWorker(\'database\', \'default\')\n#33 C:\\Users\\RelesaU\\Desktop\\Nauka\\jezyki\\php\\Laravel\\API laravel\\en\\laravelApiWithMail\\vendor\\laravel\\framework\\src\\Illuminate\\Container\\BoundMethod.php(36): Illuminate\\Queue\\Console\\WorkCommand->handle()\n#34 C:\\Users\\RelesaU\\Desktop\\Nauka\\jezyki\\php\\Laravel\\API laravel\\en\\laravelApiWithMail\\vendor\\laravel\\framework\\src\\Illuminate\\Container\\Util.php(40): Illuminate\\Container\\BoundMethod::Illuminate\\Container\\{closure}()\n#35 C:\\Users\\RelesaU\\Desktop\\Nauka\\jezyki\\php\\Laravel\\API laravel\\en\\laravelApiWithMail\\vendor\\laravel\\framework\\src\\Illuminate\\Container\\BoundMethod.php(93): Illuminate\\Container\\Util::unwrapIfClosure(Object(Closure))\n#36 C:\\Users\\RelesaU\\Desktop\\Nauka\\jezyki\\php\\Laravel\\API laravel\\en\\laravelApiWithMail\\vendor\\laravel\\framework\\src\\Illuminate\\Container\\BoundMethod.php(37): Illuminate\\Container\\BoundMethod::callBoundMethod(Object(Illuminate\\Foundation\\Application), Array, Object(Closure))\n#37 C:\\Users\\RelesaU\\Desktop\\Nauka\\jezyki\\php\\Laravel\\API laravel\\en\\laravelApiWithMail\\vendor\\laravel\\framework\\src\\Illuminate\\Container\\Container.php(611): Illuminate\\Container\\BoundMethod::call(Object(Illuminate\\Foundation\\Application), Array, Array, NULL)\n#38 C:\\Users\\RelesaU\\Desktop\\Nauka\\jezyki\\php\\Laravel\\API laravel\\en\\laravelApiWithMail\\vendor\\laravel\\framework\\src\\Illuminate\\Console\\Command.php(136): Illuminate\\Container\\Container->call(Array)\n#39 C:\\Users\\RelesaU\\Desktop\\Nauka\\jezyki\\php\\Laravel\\API laravel\\en\\laravelApiWithMail\\vendor\\symfony\\console\\Command\\Command.php(256): Illuminate\\Console\\Command->execute(Object(Symfony\\Component\\Console\\Input\\ArgvInput), Object(Illuminate\\Console\\OutputStyle))\n#40 C:\\Users\\RelesaU\\Desktop\\Nauka\\jezyki\\php\\Laravel\\API laravel\\en\\laravelApiWithMail\\vendor\\laravel\\framework\\src\\Illuminate\\Console\\Command.php(121): Symfony\\Component\\Console\\Command\\Command->run(Object(Symfony\\Component\\Console\\Input\\ArgvInput), Object(Illuminate\\Console\\OutputStyle))\n#41 C:\\Users\\RelesaU\\Desktop\\Nauka\\jezyki\\php\\Laravel\\API laravel\\en\\laravelApiWithMail\\vendor\\symfony\\console\\Application.php(971): Illuminate\\Console\\Command->run(Object(Symfony\\Component\\Console\\Input\\ArgvInput), Object(Symfony\\Component\\Console\\Output\\ConsoleOutput))\n#42 C:\\Users\\RelesaU\\Desktop\\Nauka\\jezyki\\php\\Laravel\\API laravel\\en\\laravelApiWithMail\\vendor\\symfony\\console\\Application.php(290): Symfony\\Component\\Console\\Application->doRunCommand(Object(Illuminate\\Queue\\Console\\WorkCommand), Object(Symfony\\Component\\Console\\Input\\ArgvInput), Object(Symfony\\Component\\Console\\Output\\ConsoleOutput))\n#43 C:\\Users\\RelesaU\\Desktop\\Nauka\\jezyki\\php\\Laravel\\API laravel\\en\\laravelApiWithMail\\vendor\\symfony\\console\\Application.php(166): Symfony\\Component\\Console\\Application->doRun(Object(Symfony\\Component\\Console\\Input\\ArgvInput), Object(Symfony\\Component\\Console\\Output\\ConsoleOutput))\n#44 C:\\Users\\RelesaU\\Desktop\\Nauka\\jezyki\\php\\Laravel\\API laravel\\en\\laravelApiWithMail\\vendor\\laravel\\framework\\src\\Illuminate\\Console\\Application.php(92): Symfony\\Component\\Console\\Application->run(Object(Symfony\\Component\\Console\\Input\\ArgvInput), Object(Symfony\\Component\\Console\\Output\\ConsoleOutput))\n#45 C:\\Users\\RelesaU\\Desktop\\Nauka\\jezyki\\php\\Laravel\\API laravel\\en\\laravelApiWithMail\\vendor\\laravel\\framework\\src\\Illuminate\\Foundation\\Console\\Kernel.php(129): Illuminate\\Console\\Application->run(Object(Symfony\\Component\\Console\\Input\\ArgvInput), Object(Symfony\\Component\\Console\\Output\\ConsoleOutput))\n#46 C:\\Users\\RelesaU\\Desktop\\Nauka\\jezyki\\php\\Laravel\\API laravel\\en\\laravelApiWithMail\\artisan(37): Illuminate\\Foundation\\Console\\Kernel->handle(Object(Symfony\\Component\\Console\\Input\\ArgvInput), Object(Symfony\\Component\\Console\\Output\\ConsoleOutput))\n#47 {main}', '2021-08-11 13:51:08'),
(6, 'e6b10d76-e7da-4cf3-a417-bf63cbcd734c', 'database', 'default', '{\"uuid\":\"e6b10d76-e7da-4cf3-a417-bf63cbcd734c\",\"displayName\":\"App\\\\Jobs\\\\ClearTokenBlacklist\",\"job\":\"Illuminate\\\\Queue\\\\CallQueuedHandler@call\",\"maxTries\":null,\"maxExceptions\":null,\"backoff\":null,\"timeout\":null,\"retryUntil\":null,\"data\":{\"commandName\":\"App\\\\Jobs\\\\ClearTokenBlacklist\",\"command\":\"O:28:\\\"App\\\\Jobs\\\\ClearTokenBlacklist\\\":10:{s:3:\\\"job\\\";N;s:10:\\\"connection\\\";N;s:5:\\\"queue\\\";N;s:15:\\\"chainConnection\\\";N;s:10:\\\"chainQueue\\\";N;s:19:\\\"chainCatchCallbacks\\\";N;s:5:\\\"delay\\\";N;s:11:\\\"afterCommit\\\";N;s:10:\\\"middleware\\\";a:0:{}s:7:\\\"chained\\\";a:0:{}}\"}}', 'Error: Call to a member function notify() on null in C:\\Users\\RelesaU\\Desktop\\Nauka\\jezyki\\php\\Laravel\\API laravel\\en\\laravelApiWithMail\\app\\Jobs\\ClearTokenBlacklist.php:41\nStack trace:\n#0 C:\\Users\\RelesaU\\Desktop\\Nauka\\jezyki\\php\\Laravel\\API laravel\\en\\laravelApiWithMail\\vendor\\laravel\\framework\\src\\Illuminate\\Container\\BoundMethod.php(36): App\\Jobs\\ClearTokenBlacklist->handle(Object(App\\Repositories\\TokenBlacklist\\TokenBlacklistRepository))\n#1 C:\\Users\\RelesaU\\Desktop\\Nauka\\jezyki\\php\\Laravel\\API laravel\\en\\laravelApiWithMail\\vendor\\laravel\\framework\\src\\Illuminate\\Container\\Util.php(40): Illuminate\\Container\\BoundMethod::Illuminate\\Container\\{closure}()\n#2 C:\\Users\\RelesaU\\Desktop\\Nauka\\jezyki\\php\\Laravel\\API laravel\\en\\laravelApiWithMail\\vendor\\laravel\\framework\\src\\Illuminate\\Container\\BoundMethod.php(93): Illuminate\\Container\\Util::unwrapIfClosure(Object(Closure))\n#3 C:\\Users\\RelesaU\\Desktop\\Nauka\\jezyki\\php\\Laravel\\API laravel\\en\\laravelApiWithMail\\vendor\\laravel\\framework\\src\\Illuminate\\Container\\BoundMethod.php(37): Illuminate\\Container\\BoundMethod::callBoundMethod(Object(Illuminate\\Foundation\\Application), Array, Object(Closure))\n#4 C:\\Users\\RelesaU\\Desktop\\Nauka\\jezyki\\php\\Laravel\\API laravel\\en\\laravelApiWithMail\\vendor\\laravel\\framework\\src\\Illuminate\\Container\\Container.php(611): Illuminate\\Container\\BoundMethod::call(Object(Illuminate\\Foundation\\Application), Array, Array, NULL)\n#5 C:\\Users\\RelesaU\\Desktop\\Nauka\\jezyki\\php\\Laravel\\API laravel\\en\\laravelApiWithMail\\vendor\\laravel\\framework\\src\\Illuminate\\Bus\\Dispatcher.php(128): Illuminate\\Container\\Container->call(Array)\n#6 C:\\Users\\RelesaU\\Desktop\\Nauka\\jezyki\\php\\Laravel\\API laravel\\en\\laravelApiWithMail\\vendor\\laravel\\framework\\src\\Illuminate\\Pipeline\\Pipeline.php(128): Illuminate\\Bus\\Dispatcher->Illuminate\\Bus\\{closure}(Object(App\\Jobs\\ClearTokenBlacklist))\n#7 C:\\Users\\RelesaU\\Desktop\\Nauka\\jezyki\\php\\Laravel\\API laravel\\en\\laravelApiWithMail\\vendor\\laravel\\framework\\src\\Illuminate\\Pipeline\\Pipeline.php(103): Illuminate\\Pipeline\\Pipeline->Illuminate\\Pipeline\\{closure}(Object(App\\Jobs\\ClearTokenBlacklist))\n#8 C:\\Users\\RelesaU\\Desktop\\Nauka\\jezyki\\php\\Laravel\\API laravel\\en\\laravelApiWithMail\\vendor\\laravel\\framework\\src\\Illuminate\\Bus\\Dispatcher.php(132): Illuminate\\Pipeline\\Pipeline->then(Object(Closure))\n#9 C:\\Users\\RelesaU\\Desktop\\Nauka\\jezyki\\php\\Laravel\\API laravel\\en\\laravelApiWithMail\\vendor\\laravel\\framework\\src\\Illuminate\\Queue\\CallQueuedHandler.php(118): Illuminate\\Bus\\Dispatcher->dispatchNow(Object(App\\Jobs\\ClearTokenBlacklist), false)\n#10 C:\\Users\\RelesaU\\Desktop\\Nauka\\jezyki\\php\\Laravel\\API laravel\\en\\laravelApiWithMail\\vendor\\laravel\\framework\\src\\Illuminate\\Pipeline\\Pipeline.php(128): Illuminate\\Queue\\CallQueuedHandler->Illuminate\\Queue\\{closure}(Object(App\\Jobs\\ClearTokenBlacklist))\n#11 C:\\Users\\RelesaU\\Desktop\\Nauka\\jezyki\\php\\Laravel\\API laravel\\en\\laravelApiWithMail\\vendor\\laravel\\framework\\src\\Illuminate\\Pipeline\\Pipeline.php(103): Illuminate\\Pipeline\\Pipeline->Illuminate\\Pipeline\\{closure}(Object(App\\Jobs\\ClearTokenBlacklist))\n#12 C:\\Users\\RelesaU\\Desktop\\Nauka\\jezyki\\php\\Laravel\\API laravel\\en\\laravelApiWithMail\\vendor\\laravel\\framework\\src\\Illuminate\\Queue\\CallQueuedHandler.php(120): Illuminate\\Pipeline\\Pipeline->then(Object(Closure))\n#13 C:\\Users\\RelesaU\\Desktop\\Nauka\\jezyki\\php\\Laravel\\API laravel\\en\\laravelApiWithMail\\vendor\\laravel\\framework\\src\\Illuminate\\Queue\\CallQueuedHandler.php(70): Illuminate\\Queue\\CallQueuedHandler->dispatchThroughMiddleware(Object(Illuminate\\Queue\\Jobs\\DatabaseJob), Object(App\\Jobs\\ClearTokenBlacklist))\n#14 C:\\Users\\RelesaU\\Desktop\\Nauka\\jezyki\\php\\Laravel\\API laravel\\en\\laravelApiWithMail\\vendor\\laravel\\framework\\src\\Illuminate\\Queue\\Jobs\\Job.php(98): Illuminate\\Queue\\CallQueuedHandler->call(Object(Illuminate\\Queue\\Jobs\\DatabaseJob), Array)\n#15 C:\\Users\\RelesaU\\Desktop\\Nauka\\jezyki\\php\\Laravel\\API laravel\\en\\laravelApiWithMail\\vendor\\laravel\\framework\\src\\Illuminate\\Queue\\Worker.php(410): Illuminate\\Queue\\Jobs\\Job->fire()\n#16 C:\\Users\\RelesaU\\Desktop\\Nauka\\jezyki\\php\\Laravel\\API laravel\\en\\laravelApiWithMail\\vendor\\laravel\\framework\\src\\Illuminate\\Queue\\Worker.php(360): Illuminate\\Queue\\Worker->process(\'database\', Object(Illuminate\\Queue\\Jobs\\DatabaseJob), Object(Illuminate\\Queue\\WorkerOptions))\n#17 C:\\Users\\RelesaU\\Desktop\\Nauka\\jezyki\\php\\Laravel\\API laravel\\en\\laravelApiWithMail\\vendor\\laravel\\framework\\src\\Illuminate\\Queue\\Worker.php(158): Illuminate\\Queue\\Worker->runJob(Object(Illuminate\\Queue\\Jobs\\DatabaseJob), \'database\', Object(Illuminate\\Queue\\WorkerOptions))\n#18 C:\\Users\\RelesaU\\Desktop\\Nauka\\jezyki\\php\\Laravel\\API laravel\\en\\laravelApiWithMail\\vendor\\laravel\\framework\\src\\Illuminate\\Queue\\Console\\WorkCommand.php(117): Illuminate\\Queue\\Worker->daemon(\'database\', \'default\', Object(Illuminate\\Queue\\WorkerOptions))\n#19 C:\\Users\\RelesaU\\Desktop\\Nauka\\jezyki\\php\\Laravel\\API laravel\\en\\laravelApiWithMail\\vendor\\laravel\\framework\\src\\Illuminate\\Queue\\Console\\WorkCommand.php(101): Illuminate\\Queue\\Console\\WorkCommand->runWorker(\'database\', \'default\')\n#20 C:\\Users\\RelesaU\\Desktop\\Nauka\\jezyki\\php\\Laravel\\API laravel\\en\\laravelApiWithMail\\vendor\\laravel\\framework\\src\\Illuminate\\Container\\BoundMethod.php(36): Illuminate\\Queue\\Console\\WorkCommand->handle()\n#21 C:\\Users\\RelesaU\\Desktop\\Nauka\\jezyki\\php\\Laravel\\API laravel\\en\\laravelApiWithMail\\vendor\\laravel\\framework\\src\\Illuminate\\Container\\Util.php(40): Illuminate\\Container\\BoundMethod::Illuminate\\Container\\{closure}()\n#22 C:\\Users\\RelesaU\\Desktop\\Nauka\\jezyki\\php\\Laravel\\API laravel\\en\\laravelApiWithMail\\vendor\\laravel\\framework\\src\\Illuminate\\Container\\BoundMethod.php(93): Illuminate\\Container\\Util::unwrapIfClosure(Object(Closure))\n#23 C:\\Users\\RelesaU\\Desktop\\Nauka\\jezyki\\php\\Laravel\\API laravel\\en\\laravelApiWithMail\\vendor\\laravel\\framework\\src\\Illuminate\\Container\\BoundMethod.php(37): Illuminate\\Container\\BoundMethod::callBoundMethod(Object(Illuminate\\Foundation\\Application), Array, Object(Closure))\n#24 C:\\Users\\RelesaU\\Desktop\\Nauka\\jezyki\\php\\Laravel\\API laravel\\en\\laravelApiWithMail\\vendor\\laravel\\framework\\src\\Illuminate\\Container\\Container.php(611): Illuminate\\Container\\BoundMethod::call(Object(Illuminate\\Foundation\\Application), Array, Array, NULL)\n#25 C:\\Users\\RelesaU\\Desktop\\Nauka\\jezyki\\php\\Laravel\\API laravel\\en\\laravelApiWithMail\\vendor\\laravel\\framework\\src\\Illuminate\\Console\\Command.php(136): Illuminate\\Container\\Container->call(Array)\n#26 C:\\Users\\RelesaU\\Desktop\\Nauka\\jezyki\\php\\Laravel\\API laravel\\en\\laravelApiWithMail\\vendor\\symfony\\console\\Command\\Command.php(256): Illuminate\\Console\\Command->execute(Object(Symfony\\Component\\Console\\Input\\ArgvInput), Object(Illuminate\\Console\\OutputStyle))\n#27 C:\\Users\\RelesaU\\Desktop\\Nauka\\jezyki\\php\\Laravel\\API laravel\\en\\laravelApiWithMail\\vendor\\laravel\\framework\\src\\Illuminate\\Console\\Command.php(121): Symfony\\Component\\Console\\Command\\Command->run(Object(Symfony\\Component\\Console\\Input\\ArgvInput), Object(Illuminate\\Console\\OutputStyle))\n#28 C:\\Users\\RelesaU\\Desktop\\Nauka\\jezyki\\php\\Laravel\\API laravel\\en\\laravelApiWithMail\\vendor\\symfony\\console\\Application.php(971): Illuminate\\Console\\Command->run(Object(Symfony\\Component\\Console\\Input\\ArgvInput), Object(Symfony\\Component\\Console\\Output\\ConsoleOutput))\n#29 C:\\Users\\RelesaU\\Desktop\\Nauka\\jezyki\\php\\Laravel\\API laravel\\en\\laravelApiWithMail\\vendor\\symfony\\console\\Application.php(290): Symfony\\Component\\Console\\Application->doRunCommand(Object(Illuminate\\Queue\\Console\\WorkCommand), Object(Symfony\\Component\\Console\\Input\\ArgvInput), Object(Symfony\\Component\\Console\\Output\\ConsoleOutput))\n#30 C:\\Users\\RelesaU\\Desktop\\Nauka\\jezyki\\php\\Laravel\\API laravel\\en\\laravelApiWithMail\\vendor\\symfony\\console\\Application.php(166): Symfony\\Component\\Console\\Application->doRun(Object(Symfony\\Component\\Console\\Input\\ArgvInput), Object(Symfony\\Component\\Console\\Output\\ConsoleOutput))\n#31 C:\\Users\\RelesaU\\Desktop\\Nauka\\jezyki\\php\\Laravel\\API laravel\\en\\laravelApiWithMail\\vendor\\laravel\\framework\\src\\Illuminate\\Console\\Application.php(92): Symfony\\Component\\Console\\Application->run(Object(Symfony\\Component\\Console\\Input\\ArgvInput), Object(Symfony\\Component\\Console\\Output\\ConsoleOutput))\n#32 C:\\Users\\RelesaU\\Desktop\\Nauka\\jezyki\\php\\Laravel\\API laravel\\en\\laravelApiWithMail\\vendor\\laravel\\framework\\src\\Illuminate\\Foundation\\Console\\Kernel.php(129): Illuminate\\Console\\Application->run(Object(Symfony\\Component\\Console\\Input\\ArgvInput), Object(Symfony\\Component\\Console\\Output\\ConsoleOutput))\n#33 C:\\Users\\RelesaU\\Desktop\\Nauka\\jezyki\\php\\Laravel\\API laravel\\en\\laravelApiWithMail\\artisan(37): Illuminate\\Foundation\\Console\\Kernel->handle(Object(Symfony\\Component\\Console\\Input\\ArgvInput), Object(Symfony\\Component\\Console\\Output\\ConsoleOutput))\n#34 {main}', '2021-08-11 14:05:11'),
(7, '189d39dd-59cd-4fb3-b6c7-960fb08952d5', 'database', 'default', '{\"uuid\":\"189d39dd-59cd-4fb3-b6c7-960fb08952d5\",\"displayName\":\"App\\\\Jobs\\\\ClearTokenBlacklist\",\"job\":\"Illuminate\\\\Queue\\\\CallQueuedHandler@call\",\"maxTries\":null,\"maxExceptions\":null,\"backoff\":null,\"timeout\":null,\"retryUntil\":null,\"data\":{\"commandName\":\"App\\\\Jobs\\\\ClearTokenBlacklist\",\"command\":\"O:28:\\\"App\\\\Jobs\\\\ClearTokenBlacklist\\\":10:{s:3:\\\"job\\\";N;s:10:\\\"connection\\\";N;s:5:\\\"queue\\\";N;s:15:\\\"chainConnection\\\";N;s:10:\\\"chainQueue\\\";N;s:19:\\\"chainCatchCallbacks\\\";N;s:5:\\\"delay\\\";N;s:11:\\\"afterCommit\\\";N;s:10:\\\"middleware\\\";a:0:{}s:7:\\\"chained\\\";a:0:{}}\"}}', 'Error: Call to a member function notify() on null in C:\\Users\\RelesaU\\Desktop\\Nauka\\jezyki\\php\\Laravel\\API laravel\\en\\laravelApiWithMail\\app\\Jobs\\ClearTokenBlacklist.php:41\nStack trace:\n#0 C:\\Users\\RelesaU\\Desktop\\Nauka\\jezyki\\php\\Laravel\\API laravel\\en\\laravelApiWithMail\\vendor\\laravel\\framework\\src\\Illuminate\\Container\\BoundMethod.php(36): App\\Jobs\\ClearTokenBlacklist->handle(Object(App\\Repositories\\TokenBlacklist\\TokenBlacklistRepository))\n#1 C:\\Users\\RelesaU\\Desktop\\Nauka\\jezyki\\php\\Laravel\\API laravel\\en\\laravelApiWithMail\\vendor\\laravel\\framework\\src\\Illuminate\\Container\\Util.php(40): Illuminate\\Container\\BoundMethod::Illuminate\\Container\\{closure}()\n#2 C:\\Users\\RelesaU\\Desktop\\Nauka\\jezyki\\php\\Laravel\\API laravel\\en\\laravelApiWithMail\\vendor\\laravel\\framework\\src\\Illuminate\\Container\\BoundMethod.php(93): Illuminate\\Container\\Util::unwrapIfClosure(Object(Closure))\n#3 C:\\Users\\RelesaU\\Desktop\\Nauka\\jezyki\\php\\Laravel\\API laravel\\en\\laravelApiWithMail\\vendor\\laravel\\framework\\src\\Illuminate\\Container\\BoundMethod.php(37): Illuminate\\Container\\BoundMethod::callBoundMethod(Object(Illuminate\\Foundation\\Application), Array, Object(Closure))\n#4 C:\\Users\\RelesaU\\Desktop\\Nauka\\jezyki\\php\\Laravel\\API laravel\\en\\laravelApiWithMail\\vendor\\laravel\\framework\\src\\Illuminate\\Container\\Container.php(611): Illuminate\\Container\\BoundMethod::call(Object(Illuminate\\Foundation\\Application), Array, Array, NULL)\n#5 C:\\Users\\RelesaU\\Desktop\\Nauka\\jezyki\\php\\Laravel\\API laravel\\en\\laravelApiWithMail\\vendor\\laravel\\framework\\src\\Illuminate\\Bus\\Dispatcher.php(128): Illuminate\\Container\\Container->call(Array)\n#6 C:\\Users\\RelesaU\\Desktop\\Nauka\\jezyki\\php\\Laravel\\API laravel\\en\\laravelApiWithMail\\vendor\\laravel\\framework\\src\\Illuminate\\Pipeline\\Pipeline.php(128): Illuminate\\Bus\\Dispatcher->Illuminate\\Bus\\{closure}(Object(App\\Jobs\\ClearTokenBlacklist))\n#7 C:\\Users\\RelesaU\\Desktop\\Nauka\\jezyki\\php\\Laravel\\API laravel\\en\\laravelApiWithMail\\vendor\\laravel\\framework\\src\\Illuminate\\Pipeline\\Pipeline.php(103): Illuminate\\Pipeline\\Pipeline->Illuminate\\Pipeline\\{closure}(Object(App\\Jobs\\ClearTokenBlacklist))\n#8 C:\\Users\\RelesaU\\Desktop\\Nauka\\jezyki\\php\\Laravel\\API laravel\\en\\laravelApiWithMail\\vendor\\laravel\\framework\\src\\Illuminate\\Bus\\Dispatcher.php(132): Illuminate\\Pipeline\\Pipeline->then(Object(Closure))\n#9 C:\\Users\\RelesaU\\Desktop\\Nauka\\jezyki\\php\\Laravel\\API laravel\\en\\laravelApiWithMail\\vendor\\laravel\\framework\\src\\Illuminate\\Queue\\CallQueuedHandler.php(118): Illuminate\\Bus\\Dispatcher->dispatchNow(Object(App\\Jobs\\ClearTokenBlacklist), false)\n#10 C:\\Users\\RelesaU\\Desktop\\Nauka\\jezyki\\php\\Laravel\\API laravel\\en\\laravelApiWithMail\\vendor\\laravel\\framework\\src\\Illuminate\\Pipeline\\Pipeline.php(128): Illuminate\\Queue\\CallQueuedHandler->Illuminate\\Queue\\{closure}(Object(App\\Jobs\\ClearTokenBlacklist))\n#11 C:\\Users\\RelesaU\\Desktop\\Nauka\\jezyki\\php\\Laravel\\API laravel\\en\\laravelApiWithMail\\vendor\\laravel\\framework\\src\\Illuminate\\Pipeline\\Pipeline.php(103): Illuminate\\Pipeline\\Pipeline->Illuminate\\Pipeline\\{closure}(Object(App\\Jobs\\ClearTokenBlacklist))\n#12 C:\\Users\\RelesaU\\Desktop\\Nauka\\jezyki\\php\\Laravel\\API laravel\\en\\laravelApiWithMail\\vendor\\laravel\\framework\\src\\Illuminate\\Queue\\CallQueuedHandler.php(120): Illuminate\\Pipeline\\Pipeline->then(Object(Closure))\n#13 C:\\Users\\RelesaU\\Desktop\\Nauka\\jezyki\\php\\Laravel\\API laravel\\en\\laravelApiWithMail\\vendor\\laravel\\framework\\src\\Illuminate\\Queue\\CallQueuedHandler.php(70): Illuminate\\Queue\\CallQueuedHandler->dispatchThroughMiddleware(Object(Illuminate\\Queue\\Jobs\\DatabaseJob), Object(App\\Jobs\\ClearTokenBlacklist))\n#14 C:\\Users\\RelesaU\\Desktop\\Nauka\\jezyki\\php\\Laravel\\API laravel\\en\\laravelApiWithMail\\vendor\\laravel\\framework\\src\\Illuminate\\Queue\\Jobs\\Job.php(98): Illuminate\\Queue\\CallQueuedHandler->call(Object(Illuminate\\Queue\\Jobs\\DatabaseJob), Array)\n#15 C:\\Users\\RelesaU\\Desktop\\Nauka\\jezyki\\php\\Laravel\\API laravel\\en\\laravelApiWithMail\\vendor\\laravel\\framework\\src\\Illuminate\\Queue\\Worker.php(410): Illuminate\\Queue\\Jobs\\Job->fire()\n#16 C:\\Users\\RelesaU\\Desktop\\Nauka\\jezyki\\php\\Laravel\\API laravel\\en\\laravelApiWithMail\\vendor\\laravel\\framework\\src\\Illuminate\\Queue\\Worker.php(360): Illuminate\\Queue\\Worker->process(\'database\', Object(Illuminate\\Queue\\Jobs\\DatabaseJob), Object(Illuminate\\Queue\\WorkerOptions))\n#17 C:\\Users\\RelesaU\\Desktop\\Nauka\\jezyki\\php\\Laravel\\API laravel\\en\\laravelApiWithMail\\vendor\\laravel\\framework\\src\\Illuminate\\Queue\\Worker.php(158): Illuminate\\Queue\\Worker->runJob(Object(Illuminate\\Queue\\Jobs\\DatabaseJob), \'database\', Object(Illuminate\\Queue\\WorkerOptions))\n#18 C:\\Users\\RelesaU\\Desktop\\Nauka\\jezyki\\php\\Laravel\\API laravel\\en\\laravelApiWithMail\\vendor\\laravel\\framework\\src\\Illuminate\\Queue\\Console\\WorkCommand.php(117): Illuminate\\Queue\\Worker->daemon(\'database\', \'default\', Object(Illuminate\\Queue\\WorkerOptions))\n#19 C:\\Users\\RelesaU\\Desktop\\Nauka\\jezyki\\php\\Laravel\\API laravel\\en\\laravelApiWithMail\\vendor\\laravel\\framework\\src\\Illuminate\\Queue\\Console\\WorkCommand.php(101): Illuminate\\Queue\\Console\\WorkCommand->runWorker(\'database\', \'default\')\n#20 C:\\Users\\RelesaU\\Desktop\\Nauka\\jezyki\\php\\Laravel\\API laravel\\en\\laravelApiWithMail\\vendor\\laravel\\framework\\src\\Illuminate\\Container\\BoundMethod.php(36): Illuminate\\Queue\\Console\\WorkCommand->handle()\n#21 C:\\Users\\RelesaU\\Desktop\\Nauka\\jezyki\\php\\Laravel\\API laravel\\en\\laravelApiWithMail\\vendor\\laravel\\framework\\src\\Illuminate\\Container\\Util.php(40): Illuminate\\Container\\BoundMethod::Illuminate\\Container\\{closure}()\n#22 C:\\Users\\RelesaU\\Desktop\\Nauka\\jezyki\\php\\Laravel\\API laravel\\en\\laravelApiWithMail\\vendor\\laravel\\framework\\src\\Illuminate\\Container\\BoundMethod.php(93): Illuminate\\Container\\Util::unwrapIfClosure(Object(Closure))\n#23 C:\\Users\\RelesaU\\Desktop\\Nauka\\jezyki\\php\\Laravel\\API laravel\\en\\laravelApiWithMail\\vendor\\laravel\\framework\\src\\Illuminate\\Container\\BoundMethod.php(37): Illuminate\\Container\\BoundMethod::callBoundMethod(Object(Illuminate\\Foundation\\Application), Array, Object(Closure))\n#24 C:\\Users\\RelesaU\\Desktop\\Nauka\\jezyki\\php\\Laravel\\API laravel\\en\\laravelApiWithMail\\vendor\\laravel\\framework\\src\\Illuminate\\Container\\Container.php(611): Illuminate\\Container\\BoundMethod::call(Object(Illuminate\\Foundation\\Application), Array, Array, NULL)\n#25 C:\\Users\\RelesaU\\Desktop\\Nauka\\jezyki\\php\\Laravel\\API laravel\\en\\laravelApiWithMail\\vendor\\laravel\\framework\\src\\Illuminate\\Console\\Command.php(136): Illuminate\\Container\\Container->call(Array)\n#26 C:\\Users\\RelesaU\\Desktop\\Nauka\\jezyki\\php\\Laravel\\API laravel\\en\\laravelApiWithMail\\vendor\\symfony\\console\\Command\\Command.php(256): Illuminate\\Console\\Command->execute(Object(Symfony\\Component\\Console\\Input\\ArgvInput), Object(Illuminate\\Console\\OutputStyle))\n#27 C:\\Users\\RelesaU\\Desktop\\Nauka\\jezyki\\php\\Laravel\\API laravel\\en\\laravelApiWithMail\\vendor\\laravel\\framework\\src\\Illuminate\\Console\\Command.php(121): Symfony\\Component\\Console\\Command\\Command->run(Object(Symfony\\Component\\Console\\Input\\ArgvInput), Object(Illuminate\\Console\\OutputStyle))\n#28 C:\\Users\\RelesaU\\Desktop\\Nauka\\jezyki\\php\\Laravel\\API laravel\\en\\laravelApiWithMail\\vendor\\symfony\\console\\Application.php(971): Illuminate\\Console\\Command->run(Object(Symfony\\Component\\Console\\Input\\ArgvInput), Object(Symfony\\Component\\Console\\Output\\ConsoleOutput))\n#29 C:\\Users\\RelesaU\\Desktop\\Nauka\\jezyki\\php\\Laravel\\API laravel\\en\\laravelApiWithMail\\vendor\\symfony\\console\\Application.php(290): Symfony\\Component\\Console\\Application->doRunCommand(Object(Illuminate\\Queue\\Console\\WorkCommand), Object(Symfony\\Component\\Console\\Input\\ArgvInput), Object(Symfony\\Component\\Console\\Output\\ConsoleOutput))\n#30 C:\\Users\\RelesaU\\Desktop\\Nauka\\jezyki\\php\\Laravel\\API laravel\\en\\laravelApiWithMail\\vendor\\symfony\\console\\Application.php(166): Symfony\\Component\\Console\\Application->doRun(Object(Symfony\\Component\\Console\\Input\\ArgvInput), Object(Symfony\\Component\\Console\\Output\\ConsoleOutput))\n#31 C:\\Users\\RelesaU\\Desktop\\Nauka\\jezyki\\php\\Laravel\\API laravel\\en\\laravelApiWithMail\\vendor\\laravel\\framework\\src\\Illuminate\\Console\\Application.php(92): Symfony\\Component\\Console\\Application->run(Object(Symfony\\Component\\Console\\Input\\ArgvInput), Object(Symfony\\Component\\Console\\Output\\ConsoleOutput))\n#32 C:\\Users\\RelesaU\\Desktop\\Nauka\\jezyki\\php\\Laravel\\API laravel\\en\\laravelApiWithMail\\vendor\\laravel\\framework\\src\\Illuminate\\Foundation\\Console\\Kernel.php(129): Illuminate\\Console\\Application->run(Object(Symfony\\Component\\Console\\Input\\ArgvInput), Object(Symfony\\Component\\Console\\Output\\ConsoleOutput))\n#33 C:\\Users\\RelesaU\\Desktop\\Nauka\\jezyki\\php\\Laravel\\API laravel\\en\\laravelApiWithMail\\artisan(37): Illuminate\\Foundation\\Console\\Kernel->handle(Object(Symfony\\Component\\Console\\Input\\ArgvInput), Object(Symfony\\Component\\Console\\Output\\ConsoleOutput))\n#34 {main}', '2021-08-11 14:05:11'),
(8, 'da2427e5-23ba-4d20-8da5-adb55ce3b301', 'database', 'default', '{\"uuid\":\"da2427e5-23ba-4d20-8da5-adb55ce3b301\",\"displayName\":\"App\\\\Jobs\\\\ClearTokenBlacklist\",\"job\":\"Illuminate\\\\Queue\\\\CallQueuedHandler@call\",\"maxTries\":null,\"maxExceptions\":null,\"backoff\":null,\"timeout\":null,\"retryUntil\":null,\"data\":{\"commandName\":\"App\\\\Jobs\\\\ClearTokenBlacklist\",\"command\":\"O:28:\\\"App\\\\Jobs\\\\ClearTokenBlacklist\\\":10:{s:3:\\\"job\\\";N;s:10:\\\"connection\\\";N;s:5:\\\"queue\\\";N;s:15:\\\"chainConnection\\\";N;s:10:\\\"chainQueue\\\";N;s:19:\\\"chainCatchCallbacks\\\";N;s:5:\\\"delay\\\";N;s:11:\\\"afterCommit\\\";N;s:10:\\\"middleware\\\";a:0:{}s:7:\\\"chained\\\";a:0:{}}\"}}', 'BadMethodCallException: Call to undefined method App\\Mail\\TestEmail::via() in C:\\Users\\RelesaU\\Desktop\\Nauka\\jezyki\\php\\Laravel\\API laravel\\en\\laravelApiWithMail\\vendor\\laravel\\framework\\src\\Illuminate\\Support\\Traits\\ForwardsCalls.php:50\nStack trace:\n#0 C:\\Users\\RelesaU\\Desktop\\Nauka\\jezyki\\php\\Laravel\\API laravel\\en\\laravelApiWithMail\\vendor\\laravel\\framework\\src\\Illuminate\\Mail\\Mailable.php(1027): Illuminate\\Mail\\Mailable::throwBadMethodCallException(\'via\')\n#1 C:\\Users\\RelesaU\\Desktop\\Nauka\\jezyki\\php\\Laravel\\API laravel\\en\\laravelApiWithMail\\vendor\\laravel\\framework\\src\\Illuminate\\Notifications\\NotificationSender.php(97): Illuminate\\Mail\\Mailable->__call(\'via\', Array)\n#2 C:\\Users\\RelesaU\\Desktop\\Nauka\\jezyki\\php\\Laravel\\API laravel\\en\\laravelApiWithMail\\vendor\\laravel\\framework\\src\\Illuminate\\Notifications\\NotificationSender.php(79): Illuminate\\Notifications\\NotificationSender->sendNow(Object(Illuminate\\Database\\Eloquent\\Collection), Object(App\\Mail\\TestEmail))\n#3 C:\\Users\\RelesaU\\Desktop\\Nauka\\jezyki\\php\\Laravel\\API laravel\\en\\laravelApiWithMail\\vendor\\laravel\\framework\\src\\Illuminate\\Notifications\\ChannelManager.php(39): Illuminate\\Notifications\\NotificationSender->send(Object(Illuminate\\Database\\Eloquent\\Collection), Object(App\\Mail\\TestEmail))\n#4 C:\\Users\\RelesaU\\Desktop\\Nauka\\jezyki\\php\\Laravel\\API laravel\\en\\laravelApiWithMail\\vendor\\laravel\\framework\\src\\Illuminate\\Notifications\\RoutesNotifications.php(18): Illuminate\\Notifications\\ChannelManager->send(Object(App\\Models\\User\\User), Object(App\\Mail\\TestEmail))\n#5 C:\\Users\\RelesaU\\Desktop\\Nauka\\jezyki\\php\\Laravel\\API laravel\\en\\laravelApiWithMail\\app\\Jobs\\ClearTokenBlacklist.php(41): App\\Models\\User\\User->notify(Object(App\\Mail\\TestEmail))\n#6 C:\\Users\\RelesaU\\Desktop\\Nauka\\jezyki\\php\\Laravel\\API laravel\\en\\laravelApiWithMail\\vendor\\laravel\\framework\\src\\Illuminate\\Container\\BoundMethod.php(36): App\\Jobs\\ClearTokenBlacklist->handle(Object(App\\Repositories\\TokenBlacklist\\TokenBlacklistRepository))\n#7 C:\\Users\\RelesaU\\Desktop\\Nauka\\jezyki\\php\\Laravel\\API laravel\\en\\laravelApiWithMail\\vendor\\laravel\\framework\\src\\Illuminate\\Container\\Util.php(40): Illuminate\\Container\\BoundMethod::Illuminate\\Container\\{closure}()\n#8 C:\\Users\\RelesaU\\Desktop\\Nauka\\jezyki\\php\\Laravel\\API laravel\\en\\laravelApiWithMail\\vendor\\laravel\\framework\\src\\Illuminate\\Container\\BoundMethod.php(93): Illuminate\\Container\\Util::unwrapIfClosure(Object(Closure))\n#9 C:\\Users\\RelesaU\\Desktop\\Nauka\\jezyki\\php\\Laravel\\API laravel\\en\\laravelApiWithMail\\vendor\\laravel\\framework\\src\\Illuminate\\Container\\BoundMethod.php(37): Illuminate\\Container\\BoundMethod::callBoundMethod(Object(Illuminate\\Foundation\\Application), Array, Object(Closure))\n#10 C:\\Users\\RelesaU\\Desktop\\Nauka\\jezyki\\php\\Laravel\\API laravel\\en\\laravelApiWithMail\\vendor\\laravel\\framework\\src\\Illuminate\\Container\\Container.php(611): Illuminate\\Container\\BoundMethod::call(Object(Illuminate\\Foundation\\Application), Array, Array, NULL)\n#11 C:\\Users\\RelesaU\\Desktop\\Nauka\\jezyki\\php\\Laravel\\API laravel\\en\\laravelApiWithMail\\vendor\\laravel\\framework\\src\\Illuminate\\Bus\\Dispatcher.php(128): Illuminate\\Container\\Container->call(Array)\n#12 C:\\Users\\RelesaU\\Desktop\\Nauka\\jezyki\\php\\Laravel\\API laravel\\en\\laravelApiWithMail\\vendor\\laravel\\framework\\src\\Illuminate\\Pipeline\\Pipeline.php(128): Illuminate\\Bus\\Dispatcher->Illuminate\\Bus\\{closure}(Object(App\\Jobs\\ClearTokenBlacklist))\n#13 C:\\Users\\RelesaU\\Desktop\\Nauka\\jezyki\\php\\Laravel\\API laravel\\en\\laravelApiWithMail\\vendor\\laravel\\framework\\src\\Illuminate\\Pipeline\\Pipeline.php(103): Illuminate\\Pipeline\\Pipeline->Illuminate\\Pipeline\\{closure}(Object(App\\Jobs\\ClearTokenBlacklist))\n#14 C:\\Users\\RelesaU\\Desktop\\Nauka\\jezyki\\php\\Laravel\\API laravel\\en\\laravelApiWithMail\\vendor\\laravel\\framework\\src\\Illuminate\\Bus\\Dispatcher.php(132): Illuminate\\Pipeline\\Pipeline->then(Object(Closure))\n#15 C:\\Users\\RelesaU\\Desktop\\Nauka\\jezyki\\php\\Laravel\\API laravel\\en\\laravelApiWithMail\\vendor\\laravel\\framework\\src\\Illuminate\\Queue\\CallQueuedHandler.php(118): Illuminate\\Bus\\Dispatcher->dispatchNow(Object(App\\Jobs\\ClearTokenBlacklist), false)\n#16 C:\\Users\\RelesaU\\Desktop\\Nauka\\jezyki\\php\\Laravel\\API laravel\\en\\laravelApiWithMail\\vendor\\laravel\\framework\\src\\Illuminate\\Pipeline\\Pipeline.php(128): Illuminate\\Queue\\CallQueuedHandler->Illuminate\\Queue\\{closure}(Object(App\\Jobs\\ClearTokenBlacklist))\n#17 C:\\Users\\RelesaU\\Desktop\\Nauka\\jezyki\\php\\Laravel\\API laravel\\en\\laravelApiWithMail\\vendor\\laravel\\framework\\src\\Illuminate\\Pipeline\\Pipeline.php(103): Illuminate\\Pipeline\\Pipeline->Illuminate\\Pipeline\\{closure}(Object(App\\Jobs\\ClearTokenBlacklist))\n#18 C:\\Users\\RelesaU\\Desktop\\Nauka\\jezyki\\php\\Laravel\\API laravel\\en\\laravelApiWithMail\\vendor\\laravel\\framework\\src\\Illuminate\\Queue\\CallQueuedHandler.php(120): Illuminate\\Pipeline\\Pipeline->then(Object(Closure))\n#19 C:\\Users\\RelesaU\\Desktop\\Nauka\\jezyki\\php\\Laravel\\API laravel\\en\\laravelApiWithMail\\vendor\\laravel\\framework\\src\\Illuminate\\Queue\\CallQueuedHandler.php(70): Illuminate\\Queue\\CallQueuedHandler->dispatchThroughMiddleware(Object(Illuminate\\Queue\\Jobs\\DatabaseJob), Object(App\\Jobs\\ClearTokenBlacklist))\n#20 C:\\Users\\RelesaU\\Desktop\\Nauka\\jezyki\\php\\Laravel\\API laravel\\en\\laravelApiWithMail\\vendor\\laravel\\framework\\src\\Illuminate\\Queue\\Jobs\\Job.php(98): Illuminate\\Queue\\CallQueuedHandler->call(Object(Illuminate\\Queue\\Jobs\\DatabaseJob), Array)\n#21 C:\\Users\\RelesaU\\Desktop\\Nauka\\jezyki\\php\\Laravel\\API laravel\\en\\laravelApiWithMail\\vendor\\laravel\\framework\\src\\Illuminate\\Queue\\Worker.php(410): Illuminate\\Queue\\Jobs\\Job->fire()\n#22 C:\\Users\\RelesaU\\Desktop\\Nauka\\jezyki\\php\\Laravel\\API laravel\\en\\laravelApiWithMail\\vendor\\laravel\\framework\\src\\Illuminate\\Queue\\Worker.php(360): Illuminate\\Queue\\Worker->process(\'database\', Object(Illuminate\\Queue\\Jobs\\DatabaseJob), Object(Illuminate\\Queue\\WorkerOptions))\n#23 C:\\Users\\RelesaU\\Desktop\\Nauka\\jezyki\\php\\Laravel\\API laravel\\en\\laravelApiWithMail\\vendor\\laravel\\framework\\src\\Illuminate\\Queue\\Worker.php(158): Illuminate\\Queue\\Worker->runJob(Object(Illuminate\\Queue\\Jobs\\DatabaseJob), \'database\', Object(Illuminate\\Queue\\WorkerOptions))\n#24 C:\\Users\\RelesaU\\Desktop\\Nauka\\jezyki\\php\\Laravel\\API laravel\\en\\laravelApiWithMail\\vendor\\laravel\\framework\\src\\Illuminate\\Queue\\Console\\WorkCommand.php(117): Illuminate\\Queue\\Worker->daemon(\'database\', \'default\', Object(Illuminate\\Queue\\WorkerOptions))\n#25 C:\\Users\\RelesaU\\Desktop\\Nauka\\jezyki\\php\\Laravel\\API laravel\\en\\laravelApiWithMail\\vendor\\laravel\\framework\\src\\Illuminate\\Queue\\Console\\WorkCommand.php(101): Illuminate\\Queue\\Console\\WorkCommand->runWorker(\'database\', \'default\')\n#26 C:\\Users\\RelesaU\\Desktop\\Nauka\\jezyki\\php\\Laravel\\API laravel\\en\\laravelApiWithMail\\vendor\\laravel\\framework\\src\\Illuminate\\Container\\BoundMethod.php(36): Illuminate\\Queue\\Console\\WorkCommand->handle()\n#27 C:\\Users\\RelesaU\\Desktop\\Nauka\\jezyki\\php\\Laravel\\API laravel\\en\\laravelApiWithMail\\vendor\\laravel\\framework\\src\\Illuminate\\Container\\Util.php(40): Illuminate\\Container\\BoundMethod::Illuminate\\Container\\{closure}()\n#28 C:\\Users\\RelesaU\\Desktop\\Nauka\\jezyki\\php\\Laravel\\API laravel\\en\\laravelApiWithMail\\vendor\\laravel\\framework\\src\\Illuminate\\Container\\BoundMethod.php(93): Illuminate\\Container\\Util::unwrapIfClosure(Object(Closure))\n#29 C:\\Users\\RelesaU\\Desktop\\Nauka\\jezyki\\php\\Laravel\\API laravel\\en\\laravelApiWithMail\\vendor\\laravel\\framework\\src\\Illuminate\\Container\\BoundMethod.php(37): Illuminate\\Container\\BoundMethod::callBoundMethod(Object(Illuminate\\Foundation\\Application), Array, Object(Closure))\n#30 C:\\Users\\RelesaU\\Desktop\\Nauka\\jezyki\\php\\Laravel\\API laravel\\en\\laravelApiWithMail\\vendor\\laravel\\framework\\src\\Illuminate\\Container\\Container.php(611): Illuminate\\Container\\BoundMethod::call(Object(Illuminate\\Foundation\\Application), Array, Array, NULL)\n#31 C:\\Users\\RelesaU\\Desktop\\Nauka\\jezyki\\php\\Laravel\\API laravel\\en\\laravelApiWithMail\\vendor\\laravel\\framework\\src\\Illuminate\\Console\\Command.php(136): Illuminate\\Container\\Container->call(Array)\n#32 C:\\Users\\RelesaU\\Desktop\\Nauka\\jezyki\\php\\Laravel\\API laravel\\en\\laravelApiWithMail\\vendor\\symfony\\console\\Command\\Command.php(256): Illuminate\\Console\\Command->execute(Object(Symfony\\Component\\Console\\Input\\ArgvInput), Object(Illuminate\\Console\\OutputStyle))\n#33 C:\\Users\\RelesaU\\Desktop\\Nauka\\jezyki\\php\\Laravel\\API laravel\\en\\laravelApiWithMail\\vendor\\laravel\\framework\\src\\Illuminate\\Console\\Command.php(121): Symfony\\Component\\Console\\Command\\Command->run(Object(Symfony\\Component\\Console\\Input\\ArgvInput), Object(Illuminate\\Console\\OutputStyle))\n#34 C:\\Users\\RelesaU\\Desktop\\Nauka\\jezyki\\php\\Laravel\\API laravel\\en\\laravelApiWithMail\\vendor\\symfony\\console\\Application.php(971): Illuminate\\Console\\Command->run(Object(Symfony\\Component\\Console\\Input\\ArgvInput), Object(Symfony\\Component\\Console\\Output\\ConsoleOutput))\n#35 C:\\Users\\RelesaU\\Desktop\\Nauka\\jezyki\\php\\Laravel\\API laravel\\en\\laravelApiWithMail\\vendor\\symfony\\console\\Application.php(290): Symfony\\Component\\Console\\Application->doRunCommand(Object(Illuminate\\Queue\\Console\\WorkCommand), Object(Symfony\\Component\\Console\\Input\\ArgvInput), Object(Symfony\\Component\\Console\\Output\\ConsoleOutput))\n#36 C:\\Users\\RelesaU\\Desktop\\Nauka\\jezyki\\php\\Laravel\\API laravel\\en\\laravelApiWithMail\\vendor\\symfony\\console\\Application.php(166): Symfony\\Component\\Console\\Application->doRun(Object(Symfony\\Component\\Console\\Input\\ArgvInput), Object(Symfony\\Component\\Console\\Output\\ConsoleOutput))\n#37 C:\\Users\\RelesaU\\Desktop\\Nauka\\jezyki\\php\\Laravel\\API laravel\\en\\laravelApiWithMail\\vendor\\laravel\\framework\\src\\Illuminate\\Console\\Application.php(92): Symfony\\Component\\Console\\Application->run(Object(Symfony\\Component\\Console\\Input\\ArgvInput), Object(Symfony\\Component\\Console\\Output\\ConsoleOutput))\n#38 C:\\Users\\RelesaU\\Desktop\\Nauka\\jezyki\\php\\Laravel\\API laravel\\en\\laravelApiWithMail\\vendor\\laravel\\framework\\src\\Illuminate\\Foundation\\Console\\Kernel.php(129): Illuminate\\Console\\Application->run(Object(Symfony\\Component\\Console\\Input\\ArgvInput), Object(Symfony\\Component\\Console\\Output\\ConsoleOutput))\n#39 C:\\Users\\RelesaU\\Desktop\\Nauka\\jezyki\\php\\Laravel\\API laravel\\en\\laravelApiWithMail\\artisan(37): Illuminate\\Foundation\\Console\\Kernel->handle(Object(Symfony\\Component\\Console\\Input\\ArgvInput), Object(Symfony\\Component\\Console\\Output\\ConsoleOutput))\n#40 {main}', '2021-08-11 14:09:50');
INSERT INTO `failed_jobs` (`id`, `uuid`, `connection`, `queue`, `payload`, `exception`, `failed_at`) VALUES
(9, '7774ca31-cb71-4f87-a991-e0a9d9f339ec', 'database', 'default', '{\"uuid\":\"7774ca31-cb71-4f87-a991-e0a9d9f339ec\",\"displayName\":\"App\\\\Notifications\\\\UserSearched\",\"job\":\"Illuminate\\\\Queue\\\\CallQueuedHandler@call\",\"maxTries\":null,\"maxExceptions\":null,\"backoff\":\"\",\"timeout\":null,\"retryUntil\":null,\"data\":{\"commandName\":\"Illuminate\\\\Notifications\\\\SendQueuedNotifications\",\"command\":\"O:48:\\\"Illuminate\\\\Notifications\\\\SendQueuedNotifications\\\":16:{s:11:\\\"notifiables\\\";O:45:\\\"Illuminate\\\\Contracts\\\\Database\\\\ModelIdentifier\\\":4:{s:5:\\\"class\\\";s:20:\\\"App\\\\Models\\\\User\\\\User\\\";s:2:\\\"id\\\";a:1:{i:0;i:2;}s:9:\\\"relations\\\";a:0:{}s:10:\\\"connection\\\";s:5:\\\"mysql\\\";}s:12:\\\"notification\\\";O:30:\\\"App\\\\Notifications\\\\UserSearched\\\":11:{s:2:\\\"id\\\";s:36:\\\"b642affd-d8c2-4c90-8c7c-1cea8dc9a7cd\\\";s:6:\\\"locale\\\";N;s:10:\\\"connection\\\";N;s:5:\\\"queue\\\";N;s:15:\\\"chainConnection\\\";N;s:10:\\\"chainQueue\\\";N;s:19:\\\"chainCatchCallbacks\\\";N;s:5:\\\"delay\\\";N;s:11:\\\"afterCommit\\\";N;s:10:\\\"middleware\\\";a:0:{}s:7:\\\"chained\\\";a:0:{}}s:8:\\\"channels\\\";a:1:{i:0;s:4:\\\"mail\\\";}s:5:\\\"tries\\\";N;s:7:\\\"timeout\\\";N;s:17:\\\"shouldBeEncrypted\\\";b:0;s:3:\\\"job\\\";N;s:10:\\\"connection\\\";N;s:5:\\\"queue\\\";N;s:15:\\\"chainConnection\\\";N;s:10:\\\"chainQueue\\\";N;s:19:\\\"chainCatchCallbacks\\\";N;s:5:\\\"delay\\\";N;s:11:\\\"afterCommit\\\";N;s:10:\\\"middleware\\\";a:0:{}s:7:\\\"chained\\\";a:0:{}}\"}}', 'Swift_TransportException: Expected response code 354 but got code \"554\", with message \"554 5.5.1 Error: no valid recipients\r\n\" in C:\\Users\\RelesaU\\Desktop\\Nauka\\jezyki\\php\\Laravel\\API laravel\\en\\laravelApiWithMail\\vendor\\swiftmailer\\swiftmailer\\lib\\classes\\Swift\\Transport\\AbstractSmtpTransport.php:459\nStack trace:\n#0 C:\\Users\\RelesaU\\Desktop\\Nauka\\jezyki\\php\\Laravel\\API laravel\\en\\laravelApiWithMail\\vendor\\swiftmailer\\swiftmailer\\lib\\classes\\Swift\\Transport\\AbstractSmtpTransport.php(344): Swift_Transport_AbstractSmtpTransport->assertResponseCode(\'554 5.5.1 Error...\', Array)\n#1 C:\\Users\\RelesaU\\Desktop\\Nauka\\jezyki\\php\\Laravel\\API laravel\\en\\laravelApiWithMail\\vendor\\swiftmailer\\swiftmailer\\lib\\classes\\Swift\\Transport\\EsmtpTransport.php(305): Swift_Transport_AbstractSmtpTransport->executeCommand(\'DATA\\r\\n\', Array, Array, false, NULL)\n#2 C:\\Users\\RelesaU\\Desktop\\Nauka\\jezyki\\php\\Laravel\\API laravel\\en\\laravelApiWithMail\\vendor\\swiftmailer\\swiftmailer\\lib\\classes\\Swift\\Transport\\AbstractSmtpTransport.php(392): Swift_Transport_EsmtpTransport->executeCommand(\'DATA\\r\\n\', Array, Array)\n#3 C:\\Users\\RelesaU\\Desktop\\Nauka\\jezyki\\php\\Laravel\\API laravel\\en\\laravelApiWithMail\\vendor\\swiftmailer\\swiftmailer\\lib\\classes\\Swift\\Transport\\AbstractSmtpTransport.php(499): Swift_Transport_AbstractSmtpTransport->doDataCommand(Array)\n#4 C:\\Users\\RelesaU\\Desktop\\Nauka\\jezyki\\php\\Laravel\\API laravel\\en\\laravelApiWithMail\\vendor\\swiftmailer\\swiftmailer\\lib\\classes\\Swift\\Transport\\AbstractSmtpTransport.php(518): Swift_Transport_AbstractSmtpTransport->doMailTransaction(Object(Swift_Message), \'moja@aplikacja....\', Array, Array)\n#5 C:\\Users\\RelesaU\\Desktop\\Nauka\\jezyki\\php\\Laravel\\API laravel\\en\\laravelApiWithMail\\vendor\\swiftmailer\\swiftmailer\\lib\\classes\\Swift\\Transport\\AbstractSmtpTransport.php(206): Swift_Transport_AbstractSmtpTransport->sendTo(Object(Swift_Message), \'moja@aplikacja....\', Array, Array)\n#6 C:\\Users\\RelesaU\\Desktop\\Nauka\\jezyki\\php\\Laravel\\API laravel\\en\\laravelApiWithMail\\vendor\\swiftmailer\\swiftmailer\\lib\\classes\\Swift\\Mailer.php(71): Swift_Transport_AbstractSmtpTransport->send(Object(Swift_Message), Array)\n#7 C:\\Users\\RelesaU\\Desktop\\Nauka\\jezyki\\php\\Laravel\\API laravel\\en\\laravelApiWithMail\\vendor\\laravel\\framework\\src\\Illuminate\\Mail\\Mailer.php(521): Swift_Mailer->send(Object(Swift_Message), Array)\n#8 C:\\Users\\RelesaU\\Desktop\\Nauka\\jezyki\\php\\Laravel\\API laravel\\en\\laravelApiWithMail\\vendor\\laravel\\framework\\src\\Illuminate\\Mail\\Mailer.php(288): Illuminate\\Mail\\Mailer->sendSwiftMessage(Object(Swift_Message))\n#9 C:\\Users\\RelesaU\\Desktop\\Nauka\\jezyki\\php\\Laravel\\API laravel\\en\\laravelApiWithMail\\vendor\\laravel\\framework\\src\\Illuminate\\Mail\\Mailable.php(186): Illuminate\\Mail\\Mailer->send(Object(Illuminate\\Support\\HtmlString), Array, Object(Closure))\n#10 C:\\Users\\RelesaU\\Desktop\\Nauka\\jezyki\\php\\Laravel\\API laravel\\en\\laravelApiWithMail\\vendor\\laravel\\framework\\src\\Illuminate\\Support\\Traits\\Localizable.php(19): Illuminate\\Mail\\Mailable->Illuminate\\Mail\\{closure}()\n#11 C:\\Users\\RelesaU\\Desktop\\Nauka\\jezyki\\php\\Laravel\\API laravel\\en\\laravelApiWithMail\\vendor\\laravel\\framework\\src\\Illuminate\\Mail\\Mailable.php(187): Illuminate\\Mail\\Mailable->withLocale(NULL, Object(Closure))\n#12 C:\\Users\\RelesaU\\Desktop\\Nauka\\jezyki\\php\\Laravel\\API laravel\\en\\laravelApiWithMail\\vendor\\laravel\\framework\\src\\Illuminate\\Notifications\\Channels\\MailChannel.php(59): Illuminate\\Mail\\Mailable->send(Object(Illuminate\\Mail\\MailManager))\n#13 C:\\Users\\RelesaU\\Desktop\\Nauka\\jezyki\\php\\Laravel\\API laravel\\en\\laravelApiWithMail\\vendor\\laravel\\framework\\src\\Illuminate\\Notifications\\NotificationSender.php(148): Illuminate\\Notifications\\Channels\\MailChannel->send(Object(App\\Models\\User\\User), Object(App\\Notifications\\UserSearched))\n#14 C:\\Users\\RelesaU\\Desktop\\Nauka\\jezyki\\php\\Laravel\\API laravel\\en\\laravelApiWithMail\\vendor\\laravel\\framework\\src\\Illuminate\\Notifications\\NotificationSender.php(106): Illuminate\\Notifications\\NotificationSender->sendToNotifiable(Object(App\\Models\\User\\User), \'8383db98-1276-4...\', Object(App\\Notifications\\UserSearched), \'mail\')\n#15 C:\\Users\\RelesaU\\Desktop\\Nauka\\jezyki\\php\\Laravel\\API laravel\\en\\laravelApiWithMail\\vendor\\laravel\\framework\\src\\Illuminate\\Support\\Traits\\Localizable.php(19): Illuminate\\Notifications\\NotificationSender->Illuminate\\Notifications\\{closure}()\n#16 C:\\Users\\RelesaU\\Desktop\\Nauka\\jezyki\\php\\Laravel\\API laravel\\en\\laravelApiWithMail\\vendor\\laravel\\framework\\src\\Illuminate\\Notifications\\NotificationSender.php(109): Illuminate\\Notifications\\NotificationSender->withLocale(NULL, Object(Closure))\n#17 C:\\Users\\RelesaU\\Desktop\\Nauka\\jezyki\\php\\Laravel\\API laravel\\en\\laravelApiWithMail\\vendor\\laravel\\framework\\src\\Illuminate\\Notifications\\ChannelManager.php(54): Illuminate\\Notifications\\NotificationSender->sendNow(Object(Illuminate\\Database\\Eloquent\\Collection), Object(App\\Notifications\\UserSearched), Array)\n#18 C:\\Users\\RelesaU\\Desktop\\Nauka\\jezyki\\php\\Laravel\\API laravel\\en\\laravelApiWithMail\\vendor\\laravel\\framework\\src\\Illuminate\\Notifications\\SendQueuedNotifications.php(104): Illuminate\\Notifications\\ChannelManager->sendNow(Object(Illuminate\\Database\\Eloquent\\Collection), Object(App\\Notifications\\UserSearched), Array)\n#19 C:\\Users\\RelesaU\\Desktop\\Nauka\\jezyki\\php\\Laravel\\API laravel\\en\\laravelApiWithMail\\vendor\\laravel\\framework\\src\\Illuminate\\Container\\BoundMethod.php(36): Illuminate\\Notifications\\SendQueuedNotifications->handle(Object(Illuminate\\Notifications\\ChannelManager))\n#20 C:\\Users\\RelesaU\\Desktop\\Nauka\\jezyki\\php\\Laravel\\API laravel\\en\\laravelApiWithMail\\vendor\\laravel\\framework\\src\\Illuminate\\Container\\Util.php(40): Illuminate\\Container\\BoundMethod::Illuminate\\Container\\{closure}()\n#21 C:\\Users\\RelesaU\\Desktop\\Nauka\\jezyki\\php\\Laravel\\API laravel\\en\\laravelApiWithMail\\vendor\\laravel\\framework\\src\\Illuminate\\Container\\BoundMethod.php(93): Illuminate\\Container\\Util::unwrapIfClosure(Object(Closure))\n#22 C:\\Users\\RelesaU\\Desktop\\Nauka\\jezyki\\php\\Laravel\\API laravel\\en\\laravelApiWithMail\\vendor\\laravel\\framework\\src\\Illuminate\\Container\\BoundMethod.php(37): Illuminate\\Container\\BoundMethod::callBoundMethod(Object(Illuminate\\Foundation\\Application), Array, Object(Closure))\n#23 C:\\Users\\RelesaU\\Desktop\\Nauka\\jezyki\\php\\Laravel\\API laravel\\en\\laravelApiWithMail\\vendor\\laravel\\framework\\src\\Illuminate\\Container\\Container.php(611): Illuminate\\Container\\BoundMethod::call(Object(Illuminate\\Foundation\\Application), Array, Array, NULL)\n#24 C:\\Users\\RelesaU\\Desktop\\Nauka\\jezyki\\php\\Laravel\\API laravel\\en\\laravelApiWithMail\\vendor\\laravel\\framework\\src\\Illuminate\\Bus\\Dispatcher.php(128): Illuminate\\Container\\Container->call(Array)\n#25 C:\\Users\\RelesaU\\Desktop\\Nauka\\jezyki\\php\\Laravel\\API laravel\\en\\laravelApiWithMail\\vendor\\laravel\\framework\\src\\Illuminate\\Pipeline\\Pipeline.php(128): Illuminate\\Bus\\Dispatcher->Illuminate\\Bus\\{closure}(Object(Illuminate\\Notifications\\SendQueuedNotifications))\n#26 C:\\Users\\RelesaU\\Desktop\\Nauka\\jezyki\\php\\Laravel\\API laravel\\en\\laravelApiWithMail\\vendor\\laravel\\framework\\src\\Illuminate\\Pipeline\\Pipeline.php(103): Illuminate\\Pipeline\\Pipeline->Illuminate\\Pipeline\\{closure}(Object(Illuminate\\Notifications\\SendQueuedNotifications))\n#27 C:\\Users\\RelesaU\\Desktop\\Nauka\\jezyki\\php\\Laravel\\API laravel\\en\\laravelApiWithMail\\vendor\\laravel\\framework\\src\\Illuminate\\Bus\\Dispatcher.php(132): Illuminate\\Pipeline\\Pipeline->then(Object(Closure))\n#28 C:\\Users\\RelesaU\\Desktop\\Nauka\\jezyki\\php\\Laravel\\API laravel\\en\\laravelApiWithMail\\vendor\\laravel\\framework\\src\\Illuminate\\Queue\\CallQueuedHandler.php(118): Illuminate\\Bus\\Dispatcher->dispatchNow(Object(Illuminate\\Notifications\\SendQueuedNotifications), false)\n#29 C:\\Users\\RelesaU\\Desktop\\Nauka\\jezyki\\php\\Laravel\\API laravel\\en\\laravelApiWithMail\\vendor\\laravel\\framework\\src\\Illuminate\\Pipeline\\Pipeline.php(128): Illuminate\\Queue\\CallQueuedHandler->Illuminate\\Queue\\{closure}(Object(Illuminate\\Notifications\\SendQueuedNotifications))\n#30 C:\\Users\\RelesaU\\Desktop\\Nauka\\jezyki\\php\\Laravel\\API laravel\\en\\laravelApiWithMail\\vendor\\laravel\\framework\\src\\Illuminate\\Pipeline\\Pipeline.php(103): Illuminate\\Pipeline\\Pipeline->Illuminate\\Pipeline\\{closure}(Object(Illuminate\\Notifications\\SendQueuedNotifications))\n#31 C:\\Users\\RelesaU\\Desktop\\Nauka\\jezyki\\php\\Laravel\\API laravel\\en\\laravelApiWithMail\\vendor\\laravel\\framework\\src\\Illuminate\\Queue\\CallQueuedHandler.php(120): Illuminate\\Pipeline\\Pipeline->then(Object(Closure))\n#32 C:\\Users\\RelesaU\\Desktop\\Nauka\\jezyki\\php\\Laravel\\API laravel\\en\\laravelApiWithMail\\vendor\\laravel\\framework\\src\\Illuminate\\Queue\\CallQueuedHandler.php(70): Illuminate\\Queue\\CallQueuedHandler->dispatchThroughMiddleware(Object(Illuminate\\Queue\\Jobs\\DatabaseJob), Object(Illuminate\\Notifications\\SendQueuedNotifications))\n#33 C:\\Users\\RelesaU\\Desktop\\Nauka\\jezyki\\php\\Laravel\\API laravel\\en\\laravelApiWithMail\\vendor\\laravel\\framework\\src\\Illuminate\\Queue\\Jobs\\Job.php(98): Illuminate\\Queue\\CallQueuedHandler->call(Object(Illuminate\\Queue\\Jobs\\DatabaseJob), Array)\n#34 C:\\Users\\RelesaU\\Desktop\\Nauka\\jezyki\\php\\Laravel\\API laravel\\en\\laravelApiWithMail\\vendor\\laravel\\framework\\src\\Illuminate\\Queue\\Worker.php(410): Illuminate\\Queue\\Jobs\\Job->fire()\n#35 C:\\Users\\RelesaU\\Desktop\\Nauka\\jezyki\\php\\Laravel\\API laravel\\en\\laravelApiWithMail\\vendor\\laravel\\framework\\src\\Illuminate\\Queue\\Worker.php(360): Illuminate\\Queue\\Worker->process(\'database\', Object(Illuminate\\Queue\\Jobs\\DatabaseJob), Object(Illuminate\\Queue\\WorkerOptions))\n#36 C:\\Users\\RelesaU\\Desktop\\Nauka\\jezyki\\php\\Laravel\\API laravel\\en\\laravelApiWithMail\\vendor\\laravel\\framework\\src\\Illuminate\\Queue\\Worker.php(158): Illuminate\\Queue\\Worker->runJob(Object(Illuminate\\Queue\\Jobs\\DatabaseJob), \'database\', Object(Illuminate\\Queue\\WorkerOptions))\n#37 C:\\Users\\RelesaU\\Desktop\\Nauka\\jezyki\\php\\Laravel\\API laravel\\en\\laravelApiWithMail\\vendor\\laravel\\framework\\src\\Illuminate\\Queue\\Console\\WorkCommand.php(117): Illuminate\\Queue\\Worker->daemon(\'database\', \'default\', Object(Illuminate\\Queue\\WorkerOptions))\n#38 C:\\Users\\RelesaU\\Desktop\\Nauka\\jezyki\\php\\Laravel\\API laravel\\en\\laravelApiWithMail\\vendor\\laravel\\framework\\src\\Illuminate\\Queue\\Console\\WorkCommand.php(101): Illuminate\\Queue\\Console\\WorkCommand->runWorker(\'database\', \'default\')\n#39 C:\\Users\\RelesaU\\Desktop\\Nauka\\jezyki\\php\\Laravel\\API laravel\\en\\laravelApiWithMail\\vendor\\laravel\\framework\\src\\Illuminate\\Container\\BoundMethod.php(36): Illuminate\\Queue\\Console\\WorkCommand->handle()\n#40 C:\\Users\\RelesaU\\Desktop\\Nauka\\jezyki\\php\\Laravel\\API laravel\\en\\laravelApiWithMail\\vendor\\laravel\\framework\\src\\Illuminate\\Container\\Util.php(40): Illuminate\\Container\\BoundMethod::Illuminate\\Container\\{closure}()\n#41 C:\\Users\\RelesaU\\Desktop\\Nauka\\jezyki\\php\\Laravel\\API laravel\\en\\laravelApiWithMail\\vendor\\laravel\\framework\\src\\Illuminate\\Container\\BoundMethod.php(93): Illuminate\\Container\\Util::unwrapIfClosure(Object(Closure))\n#42 C:\\Users\\RelesaU\\Desktop\\Nauka\\jezyki\\php\\Laravel\\API laravel\\en\\laravelApiWithMail\\vendor\\laravel\\framework\\src\\Illuminate\\Container\\BoundMethod.php(37): Illuminate\\Container\\BoundMethod::callBoundMethod(Object(Illuminate\\Foundation\\Application), Array, Object(Closure))\n#43 C:\\Users\\RelesaU\\Desktop\\Nauka\\jezyki\\php\\Laravel\\API laravel\\en\\laravelApiWithMail\\vendor\\laravel\\framework\\src\\Illuminate\\Container\\Container.php(611): Illuminate\\Container\\BoundMethod::call(Object(Illuminate\\Foundation\\Application), Array, Array, NULL)\n#44 C:\\Users\\RelesaU\\Desktop\\Nauka\\jezyki\\php\\Laravel\\API laravel\\en\\laravelApiWithMail\\vendor\\laravel\\framework\\src\\Illuminate\\Console\\Command.php(136): Illuminate\\Container\\Container->call(Array)\n#45 C:\\Users\\RelesaU\\Desktop\\Nauka\\jezyki\\php\\Laravel\\API laravel\\en\\laravelApiWithMail\\vendor\\symfony\\console\\Command\\Command.php(256): Illuminate\\Console\\Command->execute(Object(Symfony\\Component\\Console\\Input\\ArgvInput), Object(Illuminate\\Console\\OutputStyle))\n#46 C:\\Users\\RelesaU\\Desktop\\Nauka\\jezyki\\php\\Laravel\\API laravel\\en\\laravelApiWithMail\\vendor\\laravel\\framework\\src\\Illuminate\\Console\\Command.php(121): Symfony\\Component\\Console\\Command\\Command->run(Object(Symfony\\Component\\Console\\Input\\ArgvInput), Object(Illuminate\\Console\\OutputStyle))\n#47 C:\\Users\\RelesaU\\Desktop\\Nauka\\jezyki\\php\\Laravel\\API laravel\\en\\laravelApiWithMail\\vendor\\symfony\\console\\Application.php(971): Illuminate\\Console\\Command->run(Object(Symfony\\Component\\Console\\Input\\ArgvInput), Object(Symfony\\Component\\Console\\Output\\ConsoleOutput))\n#48 C:\\Users\\RelesaU\\Desktop\\Nauka\\jezyki\\php\\Laravel\\API laravel\\en\\laravelApiWithMail\\vendor\\symfony\\console\\Application.php(290): Symfony\\Component\\Console\\Application->doRunCommand(Object(Illuminate\\Queue\\Console\\WorkCommand), Object(Symfony\\Component\\Console\\Input\\ArgvInput), Object(Symfony\\Component\\Console\\Output\\ConsoleOutput))\n#49 C:\\Users\\RelesaU\\Desktop\\Nauka\\jezyki\\php\\Laravel\\API laravel\\en\\laravelApiWithMail\\vendor\\symfony\\console\\Application.php(166): Symfony\\Component\\Console\\Application->doRun(Object(Symfony\\Component\\Console\\Input\\ArgvInput), Object(Symfony\\Component\\Console\\Output\\ConsoleOutput))\n#50 C:\\Users\\RelesaU\\Desktop\\Nauka\\jezyki\\php\\Laravel\\API laravel\\en\\laravelApiWithMail\\vendor\\laravel\\framework\\src\\Illuminate\\Console\\Application.php(92): Symfony\\Component\\Console\\Application->run(Object(Symfony\\Component\\Console\\Input\\ArgvInput), Object(Symfony\\Component\\Console\\Output\\ConsoleOutput))\n#51 C:\\Users\\RelesaU\\Desktop\\Nauka\\jezyki\\php\\Laravel\\API laravel\\en\\laravelApiWithMail\\vendor\\laravel\\framework\\src\\Illuminate\\Foundation\\Console\\Kernel.php(129): Illuminate\\Console\\Application->run(Object(Symfony\\Component\\Console\\Input\\ArgvInput), Object(Symfony\\Component\\Console\\Output\\ConsoleOutput))\n#52 C:\\Users\\RelesaU\\Desktop\\Nauka\\jezyki\\php\\Laravel\\API laravel\\en\\laravelApiWithMail\\artisan(37): Illuminate\\Foundation\\Console\\Kernel->handle(Object(Symfony\\Component\\Console\\Input\\ArgvInput), Object(Symfony\\Component\\Console\\Output\\ConsoleOutput))\n#53 {main}', '2021-08-11 14:13:01'),
(10, 'c0f46c82-d654-4700-8a01-992a8e078b61', 'database', 'default', '{\"uuid\":\"c0f46c82-d654-4700-8a01-992a8e078b61\",\"displayName\":\"App\\\\Notifications\\\\UserSearched\",\"job\":\"Illuminate\\\\Queue\\\\CallQueuedHandler@call\",\"maxTries\":null,\"maxExceptions\":null,\"backoff\":\"\",\"timeout\":null,\"retryUntil\":null,\"data\":{\"commandName\":\"Illuminate\\\\Notifications\\\\SendQueuedNotifications\",\"command\":\"O:48:\\\"Illuminate\\\\Notifications\\\\SendQueuedNotifications\\\":16:{s:11:\\\"notifiables\\\";O:45:\\\"Illuminate\\\\Contracts\\\\Database\\\\ModelIdentifier\\\":4:{s:5:\\\"class\\\";s:20:\\\"App\\\\Models\\\\User\\\\User\\\";s:2:\\\"id\\\";a:1:{i:0;i:2;}s:9:\\\"relations\\\";a:0:{}s:10:\\\"connection\\\";s:5:\\\"mysql\\\";}s:12:\\\"notification\\\";O:30:\\\"App\\\\Notifications\\\\UserSearched\\\":11:{s:2:\\\"id\\\";s:36:\\\"0b60cb4e-d87c-45ff-a147-9a471ce5e43e\\\";s:6:\\\"locale\\\";N;s:10:\\\"connection\\\";N;s:5:\\\"queue\\\";N;s:15:\\\"chainConnection\\\";N;s:10:\\\"chainQueue\\\";N;s:19:\\\"chainCatchCallbacks\\\";N;s:5:\\\"delay\\\";N;s:11:\\\"afterCommit\\\";N;s:10:\\\"middleware\\\";a:0:{}s:7:\\\"chained\\\";a:0:{}}s:8:\\\"channels\\\";a:1:{i:0;s:4:\\\"mail\\\";}s:5:\\\"tries\\\";N;s:7:\\\"timeout\\\";N;s:17:\\\"shouldBeEncrypted\\\";b:0;s:3:\\\"job\\\";N;s:10:\\\"connection\\\";N;s:5:\\\"queue\\\";N;s:15:\\\"chainConnection\\\";N;s:10:\\\"chainQueue\\\";N;s:19:\\\"chainCatchCallbacks\\\";N;s:5:\\\"delay\\\";N;s:11:\\\"afterCommit\\\";N;s:10:\\\"middleware\\\";a:0:{}s:7:\\\"chained\\\";a:0:{}}\"}}', 'Swift_TransportException: Expected response code 354 but got code \"554\", with message \"554 5.5.1 Error: no valid recipients\r\n\" in C:\\Users\\RelesaU\\Desktop\\Nauka\\jezyki\\php\\Laravel\\API laravel\\en\\laravelApiWithMail\\vendor\\swiftmailer\\swiftmailer\\lib\\classes\\Swift\\Transport\\AbstractSmtpTransport.php:459\nStack trace:\n#0 C:\\Users\\RelesaU\\Desktop\\Nauka\\jezyki\\php\\Laravel\\API laravel\\en\\laravelApiWithMail\\vendor\\swiftmailer\\swiftmailer\\lib\\classes\\Swift\\Transport\\AbstractSmtpTransport.php(344): Swift_Transport_AbstractSmtpTransport->assertResponseCode(\'554 5.5.1 Error...\', Array)\n#1 C:\\Users\\RelesaU\\Desktop\\Nauka\\jezyki\\php\\Laravel\\API laravel\\en\\laravelApiWithMail\\vendor\\swiftmailer\\swiftmailer\\lib\\classes\\Swift\\Transport\\EsmtpTransport.php(305): Swift_Transport_AbstractSmtpTransport->executeCommand(\'DATA\\r\\n\', Array, Array, false, NULL)\n#2 C:\\Users\\RelesaU\\Desktop\\Nauka\\jezyki\\php\\Laravel\\API laravel\\en\\laravelApiWithMail\\vendor\\swiftmailer\\swiftmailer\\lib\\classes\\Swift\\Transport\\AbstractSmtpTransport.php(392): Swift_Transport_EsmtpTransport->executeCommand(\'DATA\\r\\n\', Array, Array)\n#3 C:\\Users\\RelesaU\\Desktop\\Nauka\\jezyki\\php\\Laravel\\API laravel\\en\\laravelApiWithMail\\vendor\\swiftmailer\\swiftmailer\\lib\\classes\\Swift\\Transport\\AbstractSmtpTransport.php(499): Swift_Transport_AbstractSmtpTransport->doDataCommand(Array)\n#4 C:\\Users\\RelesaU\\Desktop\\Nauka\\jezyki\\php\\Laravel\\API laravel\\en\\laravelApiWithMail\\vendor\\swiftmailer\\swiftmailer\\lib\\classes\\Swift\\Transport\\AbstractSmtpTransport.php(518): Swift_Transport_AbstractSmtpTransport->doMailTransaction(Object(Swift_Message), \'moja@aplikacja....\', Array, Array)\n#5 C:\\Users\\RelesaU\\Desktop\\Nauka\\jezyki\\php\\Laravel\\API laravel\\en\\laravelApiWithMail\\vendor\\swiftmailer\\swiftmailer\\lib\\classes\\Swift\\Transport\\AbstractSmtpTransport.php(206): Swift_Transport_AbstractSmtpTransport->sendTo(Object(Swift_Message), \'moja@aplikacja....\', Array, Array)\n#6 C:\\Users\\RelesaU\\Desktop\\Nauka\\jezyki\\php\\Laravel\\API laravel\\en\\laravelApiWithMail\\vendor\\swiftmailer\\swiftmailer\\lib\\classes\\Swift\\Mailer.php(71): Swift_Transport_AbstractSmtpTransport->send(Object(Swift_Message), Array)\n#7 C:\\Users\\RelesaU\\Desktop\\Nauka\\jezyki\\php\\Laravel\\API laravel\\en\\laravelApiWithMail\\vendor\\laravel\\framework\\src\\Illuminate\\Mail\\Mailer.php(521): Swift_Mailer->send(Object(Swift_Message), Array)\n#8 C:\\Users\\RelesaU\\Desktop\\Nauka\\jezyki\\php\\Laravel\\API laravel\\en\\laravelApiWithMail\\vendor\\laravel\\framework\\src\\Illuminate\\Mail\\Mailer.php(288): Illuminate\\Mail\\Mailer->sendSwiftMessage(Object(Swift_Message))\n#9 C:\\Users\\RelesaU\\Desktop\\Nauka\\jezyki\\php\\Laravel\\API laravel\\en\\laravelApiWithMail\\vendor\\laravel\\framework\\src\\Illuminate\\Mail\\Mailable.php(186): Illuminate\\Mail\\Mailer->send(Object(Illuminate\\Support\\HtmlString), Array, Object(Closure))\n#10 C:\\Users\\RelesaU\\Desktop\\Nauka\\jezyki\\php\\Laravel\\API laravel\\en\\laravelApiWithMail\\vendor\\laravel\\framework\\src\\Illuminate\\Support\\Traits\\Localizable.php(19): Illuminate\\Mail\\Mailable->Illuminate\\Mail\\{closure}()\n#11 C:\\Users\\RelesaU\\Desktop\\Nauka\\jezyki\\php\\Laravel\\API laravel\\en\\laravelApiWithMail\\vendor\\laravel\\framework\\src\\Illuminate\\Mail\\Mailable.php(187): Illuminate\\Mail\\Mailable->withLocale(NULL, Object(Closure))\n#12 C:\\Users\\RelesaU\\Desktop\\Nauka\\jezyki\\php\\Laravel\\API laravel\\en\\laravelApiWithMail\\vendor\\laravel\\framework\\src\\Illuminate\\Notifications\\Channels\\MailChannel.php(59): Illuminate\\Mail\\Mailable->send(Object(Illuminate\\Mail\\MailManager))\n#13 C:\\Users\\RelesaU\\Desktop\\Nauka\\jezyki\\php\\Laravel\\API laravel\\en\\laravelApiWithMail\\vendor\\laravel\\framework\\src\\Illuminate\\Notifications\\NotificationSender.php(148): Illuminate\\Notifications\\Channels\\MailChannel->send(Object(App\\Models\\User\\User), Object(App\\Notifications\\UserSearched))\n#14 C:\\Users\\RelesaU\\Desktop\\Nauka\\jezyki\\php\\Laravel\\API laravel\\en\\laravelApiWithMail\\vendor\\laravel\\framework\\src\\Illuminate\\Notifications\\NotificationSender.php(106): Illuminate\\Notifications\\NotificationSender->sendToNotifiable(Object(App\\Models\\User\\User), \'bb78a355-dec1-4...\', Object(App\\Notifications\\UserSearched), \'mail\')\n#15 C:\\Users\\RelesaU\\Desktop\\Nauka\\jezyki\\php\\Laravel\\API laravel\\en\\laravelApiWithMail\\vendor\\laravel\\framework\\src\\Illuminate\\Support\\Traits\\Localizable.php(19): Illuminate\\Notifications\\NotificationSender->Illuminate\\Notifications\\{closure}()\n#16 C:\\Users\\RelesaU\\Desktop\\Nauka\\jezyki\\php\\Laravel\\API laravel\\en\\laravelApiWithMail\\vendor\\laravel\\framework\\src\\Illuminate\\Notifications\\NotificationSender.php(109): Illuminate\\Notifications\\NotificationSender->withLocale(NULL, Object(Closure))\n#17 C:\\Users\\RelesaU\\Desktop\\Nauka\\jezyki\\php\\Laravel\\API laravel\\en\\laravelApiWithMail\\vendor\\laravel\\framework\\src\\Illuminate\\Notifications\\ChannelManager.php(54): Illuminate\\Notifications\\NotificationSender->sendNow(Object(Illuminate\\Database\\Eloquent\\Collection), Object(App\\Notifications\\UserSearched), Array)\n#18 C:\\Users\\RelesaU\\Desktop\\Nauka\\jezyki\\php\\Laravel\\API laravel\\en\\laravelApiWithMail\\vendor\\laravel\\framework\\src\\Illuminate\\Notifications\\SendQueuedNotifications.php(104): Illuminate\\Notifications\\ChannelManager->sendNow(Object(Illuminate\\Database\\Eloquent\\Collection), Object(App\\Notifications\\UserSearched), Array)\n#19 C:\\Users\\RelesaU\\Desktop\\Nauka\\jezyki\\php\\Laravel\\API laravel\\en\\laravelApiWithMail\\vendor\\laravel\\framework\\src\\Illuminate\\Container\\BoundMethod.php(36): Illuminate\\Notifications\\SendQueuedNotifications->handle(Object(Illuminate\\Notifications\\ChannelManager))\n#20 C:\\Users\\RelesaU\\Desktop\\Nauka\\jezyki\\php\\Laravel\\API laravel\\en\\laravelApiWithMail\\vendor\\laravel\\framework\\src\\Illuminate\\Container\\Util.php(40): Illuminate\\Container\\BoundMethod::Illuminate\\Container\\{closure}()\n#21 C:\\Users\\RelesaU\\Desktop\\Nauka\\jezyki\\php\\Laravel\\API laravel\\en\\laravelApiWithMail\\vendor\\laravel\\framework\\src\\Illuminate\\Container\\BoundMethod.php(93): Illuminate\\Container\\Util::unwrapIfClosure(Object(Closure))\n#22 C:\\Users\\RelesaU\\Desktop\\Nauka\\jezyki\\php\\Laravel\\API laravel\\en\\laravelApiWithMail\\vendor\\laravel\\framework\\src\\Illuminate\\Container\\BoundMethod.php(37): Illuminate\\Container\\BoundMethod::callBoundMethod(Object(Illuminate\\Foundation\\Application), Array, Object(Closure))\n#23 C:\\Users\\RelesaU\\Desktop\\Nauka\\jezyki\\php\\Laravel\\API laravel\\en\\laravelApiWithMail\\vendor\\laravel\\framework\\src\\Illuminate\\Container\\Container.php(611): Illuminate\\Container\\BoundMethod::call(Object(Illuminate\\Foundation\\Application), Array, Array, NULL)\n#24 C:\\Users\\RelesaU\\Desktop\\Nauka\\jezyki\\php\\Laravel\\API laravel\\en\\laravelApiWithMail\\vendor\\laravel\\framework\\src\\Illuminate\\Bus\\Dispatcher.php(128): Illuminate\\Container\\Container->call(Array)\n#25 C:\\Users\\RelesaU\\Desktop\\Nauka\\jezyki\\php\\Laravel\\API laravel\\en\\laravelApiWithMail\\vendor\\laravel\\framework\\src\\Illuminate\\Pipeline\\Pipeline.php(128): Illuminate\\Bus\\Dispatcher->Illuminate\\Bus\\{closure}(Object(Illuminate\\Notifications\\SendQueuedNotifications))\n#26 C:\\Users\\RelesaU\\Desktop\\Nauka\\jezyki\\php\\Laravel\\API laravel\\en\\laravelApiWithMail\\vendor\\laravel\\framework\\src\\Illuminate\\Pipeline\\Pipeline.php(103): Illuminate\\Pipeline\\Pipeline->Illuminate\\Pipeline\\{closure}(Object(Illuminate\\Notifications\\SendQueuedNotifications))\n#27 C:\\Users\\RelesaU\\Desktop\\Nauka\\jezyki\\php\\Laravel\\API laravel\\en\\laravelApiWithMail\\vendor\\laravel\\framework\\src\\Illuminate\\Bus\\Dispatcher.php(132): Illuminate\\Pipeline\\Pipeline->then(Object(Closure))\n#28 C:\\Users\\RelesaU\\Desktop\\Nauka\\jezyki\\php\\Laravel\\API laravel\\en\\laravelApiWithMail\\vendor\\laravel\\framework\\src\\Illuminate\\Queue\\CallQueuedHandler.php(118): Illuminate\\Bus\\Dispatcher->dispatchNow(Object(Illuminate\\Notifications\\SendQueuedNotifications), false)\n#29 C:\\Users\\RelesaU\\Desktop\\Nauka\\jezyki\\php\\Laravel\\API laravel\\en\\laravelApiWithMail\\vendor\\laravel\\framework\\src\\Illuminate\\Pipeline\\Pipeline.php(128): Illuminate\\Queue\\CallQueuedHandler->Illuminate\\Queue\\{closure}(Object(Illuminate\\Notifications\\SendQueuedNotifications))\n#30 C:\\Users\\RelesaU\\Desktop\\Nauka\\jezyki\\php\\Laravel\\API laravel\\en\\laravelApiWithMail\\vendor\\laravel\\framework\\src\\Illuminate\\Pipeline\\Pipeline.php(103): Illuminate\\Pipeline\\Pipeline->Illuminate\\Pipeline\\{closure}(Object(Illuminate\\Notifications\\SendQueuedNotifications))\n#31 C:\\Users\\RelesaU\\Desktop\\Nauka\\jezyki\\php\\Laravel\\API laravel\\en\\laravelApiWithMail\\vendor\\laravel\\framework\\src\\Illuminate\\Queue\\CallQueuedHandler.php(120): Illuminate\\Pipeline\\Pipeline->then(Object(Closure))\n#32 C:\\Users\\RelesaU\\Desktop\\Nauka\\jezyki\\php\\Laravel\\API laravel\\en\\laravelApiWithMail\\vendor\\laravel\\framework\\src\\Illuminate\\Queue\\CallQueuedHandler.php(70): Illuminate\\Queue\\CallQueuedHandler->dispatchThroughMiddleware(Object(Illuminate\\Queue\\Jobs\\DatabaseJob), Object(Illuminate\\Notifications\\SendQueuedNotifications))\n#33 C:\\Users\\RelesaU\\Desktop\\Nauka\\jezyki\\php\\Laravel\\API laravel\\en\\laravelApiWithMail\\vendor\\laravel\\framework\\src\\Illuminate\\Queue\\Jobs\\Job.php(98): Illuminate\\Queue\\CallQueuedHandler->call(Object(Illuminate\\Queue\\Jobs\\DatabaseJob), Array)\n#34 C:\\Users\\RelesaU\\Desktop\\Nauka\\jezyki\\php\\Laravel\\API laravel\\en\\laravelApiWithMail\\vendor\\laravel\\framework\\src\\Illuminate\\Queue\\Worker.php(410): Illuminate\\Queue\\Jobs\\Job->fire()\n#35 C:\\Users\\RelesaU\\Desktop\\Nauka\\jezyki\\php\\Laravel\\API laravel\\en\\laravelApiWithMail\\vendor\\laravel\\framework\\src\\Illuminate\\Queue\\Worker.php(360): Illuminate\\Queue\\Worker->process(\'database\', Object(Illuminate\\Queue\\Jobs\\DatabaseJob), Object(Illuminate\\Queue\\WorkerOptions))\n#36 C:\\Users\\RelesaU\\Desktop\\Nauka\\jezyki\\php\\Laravel\\API laravel\\en\\laravelApiWithMail\\vendor\\laravel\\framework\\src\\Illuminate\\Queue\\Worker.php(158): Illuminate\\Queue\\Worker->runJob(Object(Illuminate\\Queue\\Jobs\\DatabaseJob), \'database\', Object(Illuminate\\Queue\\WorkerOptions))\n#37 C:\\Users\\RelesaU\\Desktop\\Nauka\\jezyki\\php\\Laravel\\API laravel\\en\\laravelApiWithMail\\vendor\\laravel\\framework\\src\\Illuminate\\Queue\\Console\\WorkCommand.php(117): Illuminate\\Queue\\Worker->daemon(\'database\', \'default\', Object(Illuminate\\Queue\\WorkerOptions))\n#38 C:\\Users\\RelesaU\\Desktop\\Nauka\\jezyki\\php\\Laravel\\API laravel\\en\\laravelApiWithMail\\vendor\\laravel\\framework\\src\\Illuminate\\Queue\\Console\\WorkCommand.php(101): Illuminate\\Queue\\Console\\WorkCommand->runWorker(\'database\', \'default\')\n#39 C:\\Users\\RelesaU\\Desktop\\Nauka\\jezyki\\php\\Laravel\\API laravel\\en\\laravelApiWithMail\\vendor\\laravel\\framework\\src\\Illuminate\\Container\\BoundMethod.php(36): Illuminate\\Queue\\Console\\WorkCommand->handle()\n#40 C:\\Users\\RelesaU\\Desktop\\Nauka\\jezyki\\php\\Laravel\\API laravel\\en\\laravelApiWithMail\\vendor\\laravel\\framework\\src\\Illuminate\\Container\\Util.php(40): Illuminate\\Container\\BoundMethod::Illuminate\\Container\\{closure}()\n#41 C:\\Users\\RelesaU\\Desktop\\Nauka\\jezyki\\php\\Laravel\\API laravel\\en\\laravelApiWithMail\\vendor\\laravel\\framework\\src\\Illuminate\\Container\\BoundMethod.php(93): Illuminate\\Container\\Util::unwrapIfClosure(Object(Closure))\n#42 C:\\Users\\RelesaU\\Desktop\\Nauka\\jezyki\\php\\Laravel\\API laravel\\en\\laravelApiWithMail\\vendor\\laravel\\framework\\src\\Illuminate\\Container\\BoundMethod.php(37): Illuminate\\Container\\BoundMethod::callBoundMethod(Object(Illuminate\\Foundation\\Application), Array, Object(Closure))\n#43 C:\\Users\\RelesaU\\Desktop\\Nauka\\jezyki\\php\\Laravel\\API laravel\\en\\laravelApiWithMail\\vendor\\laravel\\framework\\src\\Illuminate\\Container\\Container.php(611): Illuminate\\Container\\BoundMethod::call(Object(Illuminate\\Foundation\\Application), Array, Array, NULL)\n#44 C:\\Users\\RelesaU\\Desktop\\Nauka\\jezyki\\php\\Laravel\\API laravel\\en\\laravelApiWithMail\\vendor\\laravel\\framework\\src\\Illuminate\\Console\\Command.php(136): Illuminate\\Container\\Container->call(Array)\n#45 C:\\Users\\RelesaU\\Desktop\\Nauka\\jezyki\\php\\Laravel\\API laravel\\en\\laravelApiWithMail\\vendor\\symfony\\console\\Command\\Command.php(256): Illuminate\\Console\\Command->execute(Object(Symfony\\Component\\Console\\Input\\ArgvInput), Object(Illuminate\\Console\\OutputStyle))\n#46 C:\\Users\\RelesaU\\Desktop\\Nauka\\jezyki\\php\\Laravel\\API laravel\\en\\laravelApiWithMail\\vendor\\laravel\\framework\\src\\Illuminate\\Console\\Command.php(121): Symfony\\Component\\Console\\Command\\Command->run(Object(Symfony\\Component\\Console\\Input\\ArgvInput), Object(Illuminate\\Console\\OutputStyle))\n#47 C:\\Users\\RelesaU\\Desktop\\Nauka\\jezyki\\php\\Laravel\\API laravel\\en\\laravelApiWithMail\\vendor\\symfony\\console\\Application.php(971): Illuminate\\Console\\Command->run(Object(Symfony\\Component\\Console\\Input\\ArgvInput), Object(Symfony\\Component\\Console\\Output\\ConsoleOutput))\n#48 C:\\Users\\RelesaU\\Desktop\\Nauka\\jezyki\\php\\Laravel\\API laravel\\en\\laravelApiWithMail\\vendor\\symfony\\console\\Application.php(290): Symfony\\Component\\Console\\Application->doRunCommand(Object(Illuminate\\Queue\\Console\\WorkCommand), Object(Symfony\\Component\\Console\\Input\\ArgvInput), Object(Symfony\\Component\\Console\\Output\\ConsoleOutput))\n#49 C:\\Users\\RelesaU\\Desktop\\Nauka\\jezyki\\php\\Laravel\\API laravel\\en\\laravelApiWithMail\\vendor\\symfony\\console\\Application.php(166): Symfony\\Component\\Console\\Application->doRun(Object(Symfony\\Component\\Console\\Input\\ArgvInput), Object(Symfony\\Component\\Console\\Output\\ConsoleOutput))\n#50 C:\\Users\\RelesaU\\Desktop\\Nauka\\jezyki\\php\\Laravel\\API laravel\\en\\laravelApiWithMail\\vendor\\laravel\\framework\\src\\Illuminate\\Console\\Application.php(92): Symfony\\Component\\Console\\Application->run(Object(Symfony\\Component\\Console\\Input\\ArgvInput), Object(Symfony\\Component\\Console\\Output\\ConsoleOutput))\n#51 C:\\Users\\RelesaU\\Desktop\\Nauka\\jezyki\\php\\Laravel\\API laravel\\en\\laravelApiWithMail\\vendor\\laravel\\framework\\src\\Illuminate\\Foundation\\Console\\Kernel.php(129): Illuminate\\Console\\Application->run(Object(Symfony\\Component\\Console\\Input\\ArgvInput), Object(Symfony\\Component\\Console\\Output\\ConsoleOutput))\n#52 C:\\Users\\RelesaU\\Desktop\\Nauka\\jezyki\\php\\Laravel\\API laravel\\en\\laravelApiWithMail\\artisan(37): Illuminate\\Foundation\\Console\\Kernel->handle(Object(Symfony\\Component\\Console\\Input\\ArgvInput), Object(Symfony\\Component\\Console\\Output\\ConsoleOutput))\n#53 {main}', '2021-08-11 14:13:59');
INSERT INTO `failed_jobs` (`id`, `uuid`, `connection`, `queue`, `payload`, `exception`, `failed_at`) VALUES
(11, '315cc03c-2da4-48fe-89be-a1b374cbcea2', 'database', 'default', '{\"uuid\":\"315cc03c-2da4-48fe-89be-a1b374cbcea2\",\"displayName\":\"App\\\\Notifications\\\\UserSearched\",\"job\":\"Illuminate\\\\Queue\\\\CallQueuedHandler@call\",\"maxTries\":null,\"maxExceptions\":null,\"backoff\":\"\",\"timeout\":null,\"retryUntil\":null,\"data\":{\"commandName\":\"Illuminate\\\\Notifications\\\\SendQueuedNotifications\",\"command\":\"O:48:\\\"Illuminate\\\\Notifications\\\\SendQueuedNotifications\\\":16:{s:11:\\\"notifiables\\\";O:45:\\\"Illuminate\\\\Contracts\\\\Database\\\\ModelIdentifier\\\":4:{s:5:\\\"class\\\";s:20:\\\"App\\\\Models\\\\User\\\\User\\\";s:2:\\\"id\\\";a:1:{i:0;i:2;}s:9:\\\"relations\\\";a:0:{}s:10:\\\"connection\\\";s:5:\\\"mysql\\\";}s:12:\\\"notification\\\";O:30:\\\"App\\\\Notifications\\\\UserSearched\\\":11:{s:2:\\\"id\\\";s:36:\\\"7f06a32b-e82c-497c-aa08-ac6fb49ca9f3\\\";s:6:\\\"locale\\\";N;s:10:\\\"connection\\\";N;s:5:\\\"queue\\\";N;s:15:\\\"chainConnection\\\";N;s:10:\\\"chainQueue\\\";N;s:19:\\\"chainCatchCallbacks\\\";N;s:5:\\\"delay\\\";N;s:11:\\\"afterCommit\\\";N;s:10:\\\"middleware\\\";a:0:{}s:7:\\\"chained\\\";a:0:{}}s:8:\\\"channels\\\";a:1:{i:0;s:4:\\\"mail\\\";}s:5:\\\"tries\\\";N;s:7:\\\"timeout\\\";N;s:17:\\\"shouldBeEncrypted\\\";b:0;s:3:\\\"job\\\";N;s:10:\\\"connection\\\";N;s:5:\\\"queue\\\";N;s:15:\\\"chainConnection\\\";N;s:10:\\\"chainQueue\\\";N;s:19:\\\"chainCatchCallbacks\\\";N;s:5:\\\"delay\\\";N;s:11:\\\"afterCommit\\\";N;s:10:\\\"middleware\\\";a:0:{}s:7:\\\"chained\\\";a:0:{}}\"}}', 'Swift_TransportException: Expected response code 354 but got code \"554\", with message \"554 5.5.1 Error: no valid recipients\r\n\" in C:\\Users\\RelesaU\\Desktop\\Nauka\\jezyki\\php\\Laravel\\API laravel\\en\\laravelApiWithMail\\vendor\\swiftmailer\\swiftmailer\\lib\\classes\\Swift\\Transport\\AbstractSmtpTransport.php:459\nStack trace:\n#0 C:\\Users\\RelesaU\\Desktop\\Nauka\\jezyki\\php\\Laravel\\API laravel\\en\\laravelApiWithMail\\vendor\\swiftmailer\\swiftmailer\\lib\\classes\\Swift\\Transport\\AbstractSmtpTransport.php(344): Swift_Transport_AbstractSmtpTransport->assertResponseCode(\'554 5.5.1 Error...\', Array)\n#1 C:\\Users\\RelesaU\\Desktop\\Nauka\\jezyki\\php\\Laravel\\API laravel\\en\\laravelApiWithMail\\vendor\\swiftmailer\\swiftmailer\\lib\\classes\\Swift\\Transport\\EsmtpTransport.php(305): Swift_Transport_AbstractSmtpTransport->executeCommand(\'DATA\\r\\n\', Array, Array, false, NULL)\n#2 C:\\Users\\RelesaU\\Desktop\\Nauka\\jezyki\\php\\Laravel\\API laravel\\en\\laravelApiWithMail\\vendor\\swiftmailer\\swiftmailer\\lib\\classes\\Swift\\Transport\\AbstractSmtpTransport.php(392): Swift_Transport_EsmtpTransport->executeCommand(\'DATA\\r\\n\', Array, Array)\n#3 C:\\Users\\RelesaU\\Desktop\\Nauka\\jezyki\\php\\Laravel\\API laravel\\en\\laravelApiWithMail\\vendor\\swiftmailer\\swiftmailer\\lib\\classes\\Swift\\Transport\\AbstractSmtpTransport.php(499): Swift_Transport_AbstractSmtpTransport->doDataCommand(Array)\n#4 C:\\Users\\RelesaU\\Desktop\\Nauka\\jezyki\\php\\Laravel\\API laravel\\en\\laravelApiWithMail\\vendor\\swiftmailer\\swiftmailer\\lib\\classes\\Swift\\Transport\\AbstractSmtpTransport.php(518): Swift_Transport_AbstractSmtpTransport->doMailTransaction(Object(Swift_Message), \'moja@aplikacja....\', Array, Array)\n#5 C:\\Users\\RelesaU\\Desktop\\Nauka\\jezyki\\php\\Laravel\\API laravel\\en\\laravelApiWithMail\\vendor\\swiftmailer\\swiftmailer\\lib\\classes\\Swift\\Transport\\AbstractSmtpTransport.php(206): Swift_Transport_AbstractSmtpTransport->sendTo(Object(Swift_Message), \'moja@aplikacja....\', Array, Array)\n#6 C:\\Users\\RelesaU\\Desktop\\Nauka\\jezyki\\php\\Laravel\\API laravel\\en\\laravelApiWithMail\\vendor\\swiftmailer\\swiftmailer\\lib\\classes\\Swift\\Mailer.php(71): Swift_Transport_AbstractSmtpTransport->send(Object(Swift_Message), Array)\n#7 C:\\Users\\RelesaU\\Desktop\\Nauka\\jezyki\\php\\Laravel\\API laravel\\en\\laravelApiWithMail\\vendor\\laravel\\framework\\src\\Illuminate\\Mail\\Mailer.php(521): Swift_Mailer->send(Object(Swift_Message), Array)\n#8 C:\\Users\\RelesaU\\Desktop\\Nauka\\jezyki\\php\\Laravel\\API laravel\\en\\laravelApiWithMail\\vendor\\laravel\\framework\\src\\Illuminate\\Mail\\Mailer.php(288): Illuminate\\Mail\\Mailer->sendSwiftMessage(Object(Swift_Message))\n#9 C:\\Users\\RelesaU\\Desktop\\Nauka\\jezyki\\php\\Laravel\\API laravel\\en\\laravelApiWithMail\\vendor\\laravel\\framework\\src\\Illuminate\\Mail\\Mailable.php(186): Illuminate\\Mail\\Mailer->send(Object(Illuminate\\Support\\HtmlString), Array, Object(Closure))\n#10 C:\\Users\\RelesaU\\Desktop\\Nauka\\jezyki\\php\\Laravel\\API laravel\\en\\laravelApiWithMail\\vendor\\laravel\\framework\\src\\Illuminate\\Support\\Traits\\Localizable.php(19): Illuminate\\Mail\\Mailable->Illuminate\\Mail\\{closure}()\n#11 C:\\Users\\RelesaU\\Desktop\\Nauka\\jezyki\\php\\Laravel\\API laravel\\en\\laravelApiWithMail\\vendor\\laravel\\framework\\src\\Illuminate\\Mail\\Mailable.php(187): Illuminate\\Mail\\Mailable->withLocale(NULL, Object(Closure))\n#12 C:\\Users\\RelesaU\\Desktop\\Nauka\\jezyki\\php\\Laravel\\API laravel\\en\\laravelApiWithMail\\vendor\\laravel\\framework\\src\\Illuminate\\Notifications\\Channels\\MailChannel.php(59): Illuminate\\Mail\\Mailable->send(Object(Illuminate\\Mail\\MailManager))\n#13 C:\\Users\\RelesaU\\Desktop\\Nauka\\jezyki\\php\\Laravel\\API laravel\\en\\laravelApiWithMail\\vendor\\laravel\\framework\\src\\Illuminate\\Notifications\\NotificationSender.php(148): Illuminate\\Notifications\\Channels\\MailChannel->send(Object(App\\Models\\User\\User), Object(App\\Notifications\\UserSearched))\n#14 C:\\Users\\RelesaU\\Desktop\\Nauka\\jezyki\\php\\Laravel\\API laravel\\en\\laravelApiWithMail\\vendor\\laravel\\framework\\src\\Illuminate\\Notifications\\NotificationSender.php(106): Illuminate\\Notifications\\NotificationSender->sendToNotifiable(Object(App\\Models\\User\\User), \'d919b00b-3cea-4...\', Object(App\\Notifications\\UserSearched), \'mail\')\n#15 C:\\Users\\RelesaU\\Desktop\\Nauka\\jezyki\\php\\Laravel\\API laravel\\en\\laravelApiWithMail\\vendor\\laravel\\framework\\src\\Illuminate\\Support\\Traits\\Localizable.php(19): Illuminate\\Notifications\\NotificationSender->Illuminate\\Notifications\\{closure}()\n#16 C:\\Users\\RelesaU\\Desktop\\Nauka\\jezyki\\php\\Laravel\\API laravel\\en\\laravelApiWithMail\\vendor\\laravel\\framework\\src\\Illuminate\\Notifications\\NotificationSender.php(109): Illuminate\\Notifications\\NotificationSender->withLocale(NULL, Object(Closure))\n#17 C:\\Users\\RelesaU\\Desktop\\Nauka\\jezyki\\php\\Laravel\\API laravel\\en\\laravelApiWithMail\\vendor\\laravel\\framework\\src\\Illuminate\\Notifications\\ChannelManager.php(54): Illuminate\\Notifications\\NotificationSender->sendNow(Object(Illuminate\\Database\\Eloquent\\Collection), Object(App\\Notifications\\UserSearched), Array)\n#18 C:\\Users\\RelesaU\\Desktop\\Nauka\\jezyki\\php\\Laravel\\API laravel\\en\\laravelApiWithMail\\vendor\\laravel\\framework\\src\\Illuminate\\Notifications\\SendQueuedNotifications.php(104): Illuminate\\Notifications\\ChannelManager->sendNow(Object(Illuminate\\Database\\Eloquent\\Collection), Object(App\\Notifications\\UserSearched), Array)\n#19 C:\\Users\\RelesaU\\Desktop\\Nauka\\jezyki\\php\\Laravel\\API laravel\\en\\laravelApiWithMail\\vendor\\laravel\\framework\\src\\Illuminate\\Container\\BoundMethod.php(36): Illuminate\\Notifications\\SendQueuedNotifications->handle(Object(Illuminate\\Notifications\\ChannelManager))\n#20 C:\\Users\\RelesaU\\Desktop\\Nauka\\jezyki\\php\\Laravel\\API laravel\\en\\laravelApiWithMail\\vendor\\laravel\\framework\\src\\Illuminate\\Container\\Util.php(40): Illuminate\\Container\\BoundMethod::Illuminate\\Container\\{closure}()\n#21 C:\\Users\\RelesaU\\Desktop\\Nauka\\jezyki\\php\\Laravel\\API laravel\\en\\laravelApiWithMail\\vendor\\laravel\\framework\\src\\Illuminate\\Container\\BoundMethod.php(93): Illuminate\\Container\\Util::unwrapIfClosure(Object(Closure))\n#22 C:\\Users\\RelesaU\\Desktop\\Nauka\\jezyki\\php\\Laravel\\API laravel\\en\\laravelApiWithMail\\vendor\\laravel\\framework\\src\\Illuminate\\Container\\BoundMethod.php(37): Illuminate\\Container\\BoundMethod::callBoundMethod(Object(Illuminate\\Foundation\\Application), Array, Object(Closure))\n#23 C:\\Users\\RelesaU\\Desktop\\Nauka\\jezyki\\php\\Laravel\\API laravel\\en\\laravelApiWithMail\\vendor\\laravel\\framework\\src\\Illuminate\\Container\\Container.php(611): Illuminate\\Container\\BoundMethod::call(Object(Illuminate\\Foundation\\Application), Array, Array, NULL)\n#24 C:\\Users\\RelesaU\\Desktop\\Nauka\\jezyki\\php\\Laravel\\API laravel\\en\\laravelApiWithMail\\vendor\\laravel\\framework\\src\\Illuminate\\Bus\\Dispatcher.php(128): Illuminate\\Container\\Container->call(Array)\n#25 C:\\Users\\RelesaU\\Desktop\\Nauka\\jezyki\\php\\Laravel\\API laravel\\en\\laravelApiWithMail\\vendor\\laravel\\framework\\src\\Illuminate\\Pipeline\\Pipeline.php(128): Illuminate\\Bus\\Dispatcher->Illuminate\\Bus\\{closure}(Object(Illuminate\\Notifications\\SendQueuedNotifications))\n#26 C:\\Users\\RelesaU\\Desktop\\Nauka\\jezyki\\php\\Laravel\\API laravel\\en\\laravelApiWithMail\\vendor\\laravel\\framework\\src\\Illuminate\\Pipeline\\Pipeline.php(103): Illuminate\\Pipeline\\Pipeline->Illuminate\\Pipeline\\{closure}(Object(Illuminate\\Notifications\\SendQueuedNotifications))\n#27 C:\\Users\\RelesaU\\Desktop\\Nauka\\jezyki\\php\\Laravel\\API laravel\\en\\laravelApiWithMail\\vendor\\laravel\\framework\\src\\Illuminate\\Bus\\Dispatcher.php(132): Illuminate\\Pipeline\\Pipeline->then(Object(Closure))\n#28 C:\\Users\\RelesaU\\Desktop\\Nauka\\jezyki\\php\\Laravel\\API laravel\\en\\laravelApiWithMail\\vendor\\laravel\\framework\\src\\Illuminate\\Queue\\CallQueuedHandler.php(118): Illuminate\\Bus\\Dispatcher->dispatchNow(Object(Illuminate\\Notifications\\SendQueuedNotifications), false)\n#29 C:\\Users\\RelesaU\\Desktop\\Nauka\\jezyki\\php\\Laravel\\API laravel\\en\\laravelApiWithMail\\vendor\\laravel\\framework\\src\\Illuminate\\Pipeline\\Pipeline.php(128): Illuminate\\Queue\\CallQueuedHandler->Illuminate\\Queue\\{closure}(Object(Illuminate\\Notifications\\SendQueuedNotifications))\n#30 C:\\Users\\RelesaU\\Desktop\\Nauka\\jezyki\\php\\Laravel\\API laravel\\en\\laravelApiWithMail\\vendor\\laravel\\framework\\src\\Illuminate\\Pipeline\\Pipeline.php(103): Illuminate\\Pipeline\\Pipeline->Illuminate\\Pipeline\\{closure}(Object(Illuminate\\Notifications\\SendQueuedNotifications))\n#31 C:\\Users\\RelesaU\\Desktop\\Nauka\\jezyki\\php\\Laravel\\API laravel\\en\\laravelApiWithMail\\vendor\\laravel\\framework\\src\\Illuminate\\Queue\\CallQueuedHandler.php(120): Illuminate\\Pipeline\\Pipeline->then(Object(Closure))\n#32 C:\\Users\\RelesaU\\Desktop\\Nauka\\jezyki\\php\\Laravel\\API laravel\\en\\laravelApiWithMail\\vendor\\laravel\\framework\\src\\Illuminate\\Queue\\CallQueuedHandler.php(70): Illuminate\\Queue\\CallQueuedHandler->dispatchThroughMiddleware(Object(Illuminate\\Queue\\Jobs\\DatabaseJob), Object(Illuminate\\Notifications\\SendQueuedNotifications))\n#33 C:\\Users\\RelesaU\\Desktop\\Nauka\\jezyki\\php\\Laravel\\API laravel\\en\\laravelApiWithMail\\vendor\\laravel\\framework\\src\\Illuminate\\Queue\\Jobs\\Job.php(98): Illuminate\\Queue\\CallQueuedHandler->call(Object(Illuminate\\Queue\\Jobs\\DatabaseJob), Array)\n#34 C:\\Users\\RelesaU\\Desktop\\Nauka\\jezyki\\php\\Laravel\\API laravel\\en\\laravelApiWithMail\\vendor\\laravel\\framework\\src\\Illuminate\\Queue\\Worker.php(410): Illuminate\\Queue\\Jobs\\Job->fire()\n#35 C:\\Users\\RelesaU\\Desktop\\Nauka\\jezyki\\php\\Laravel\\API laravel\\en\\laravelApiWithMail\\vendor\\laravel\\framework\\src\\Illuminate\\Queue\\Worker.php(360): Illuminate\\Queue\\Worker->process(\'database\', Object(Illuminate\\Queue\\Jobs\\DatabaseJob), Object(Illuminate\\Queue\\WorkerOptions))\n#36 C:\\Users\\RelesaU\\Desktop\\Nauka\\jezyki\\php\\Laravel\\API laravel\\en\\laravelApiWithMail\\vendor\\laravel\\framework\\src\\Illuminate\\Queue\\Worker.php(158): Illuminate\\Queue\\Worker->runJob(Object(Illuminate\\Queue\\Jobs\\DatabaseJob), \'database\', Object(Illuminate\\Queue\\WorkerOptions))\n#37 C:\\Users\\RelesaU\\Desktop\\Nauka\\jezyki\\php\\Laravel\\API laravel\\en\\laravelApiWithMail\\vendor\\laravel\\framework\\src\\Illuminate\\Queue\\Console\\WorkCommand.php(117): Illuminate\\Queue\\Worker->daemon(\'database\', \'default\', Object(Illuminate\\Queue\\WorkerOptions))\n#38 C:\\Users\\RelesaU\\Desktop\\Nauka\\jezyki\\php\\Laravel\\API laravel\\en\\laravelApiWithMail\\vendor\\laravel\\framework\\src\\Illuminate\\Queue\\Console\\WorkCommand.php(101): Illuminate\\Queue\\Console\\WorkCommand->runWorker(\'database\', \'default\')\n#39 C:\\Users\\RelesaU\\Desktop\\Nauka\\jezyki\\php\\Laravel\\API laravel\\en\\laravelApiWithMail\\vendor\\laravel\\framework\\src\\Illuminate\\Container\\BoundMethod.php(36): Illuminate\\Queue\\Console\\WorkCommand->handle()\n#40 C:\\Users\\RelesaU\\Desktop\\Nauka\\jezyki\\php\\Laravel\\API laravel\\en\\laravelApiWithMail\\vendor\\laravel\\framework\\src\\Illuminate\\Container\\Util.php(40): Illuminate\\Container\\BoundMethod::Illuminate\\Container\\{closure}()\n#41 C:\\Users\\RelesaU\\Desktop\\Nauka\\jezyki\\php\\Laravel\\API laravel\\en\\laravelApiWithMail\\vendor\\laravel\\framework\\src\\Illuminate\\Container\\BoundMethod.php(93): Illuminate\\Container\\Util::unwrapIfClosure(Object(Closure))\n#42 C:\\Users\\RelesaU\\Desktop\\Nauka\\jezyki\\php\\Laravel\\API laravel\\en\\laravelApiWithMail\\vendor\\laravel\\framework\\src\\Illuminate\\Container\\BoundMethod.php(37): Illuminate\\Container\\BoundMethod::callBoundMethod(Object(Illuminate\\Foundation\\Application), Array, Object(Closure))\n#43 C:\\Users\\RelesaU\\Desktop\\Nauka\\jezyki\\php\\Laravel\\API laravel\\en\\laravelApiWithMail\\vendor\\laravel\\framework\\src\\Illuminate\\Container\\Container.php(611): Illuminate\\Container\\BoundMethod::call(Object(Illuminate\\Foundation\\Application), Array, Array, NULL)\n#44 C:\\Users\\RelesaU\\Desktop\\Nauka\\jezyki\\php\\Laravel\\API laravel\\en\\laravelApiWithMail\\vendor\\laravel\\framework\\src\\Illuminate\\Console\\Command.php(136): Illuminate\\Container\\Container->call(Array)\n#45 C:\\Users\\RelesaU\\Desktop\\Nauka\\jezyki\\php\\Laravel\\API laravel\\en\\laravelApiWithMail\\vendor\\symfony\\console\\Command\\Command.php(256): Illuminate\\Console\\Command->execute(Object(Symfony\\Component\\Console\\Input\\ArgvInput), Object(Illuminate\\Console\\OutputStyle))\n#46 C:\\Users\\RelesaU\\Desktop\\Nauka\\jezyki\\php\\Laravel\\API laravel\\en\\laravelApiWithMail\\vendor\\laravel\\framework\\src\\Illuminate\\Console\\Command.php(121): Symfony\\Component\\Console\\Command\\Command->run(Object(Symfony\\Component\\Console\\Input\\ArgvInput), Object(Illuminate\\Console\\OutputStyle))\n#47 C:\\Users\\RelesaU\\Desktop\\Nauka\\jezyki\\php\\Laravel\\API laravel\\en\\laravelApiWithMail\\vendor\\symfony\\console\\Application.php(971): Illuminate\\Console\\Command->run(Object(Symfony\\Component\\Console\\Input\\ArgvInput), Object(Symfony\\Component\\Console\\Output\\ConsoleOutput))\n#48 C:\\Users\\RelesaU\\Desktop\\Nauka\\jezyki\\php\\Laravel\\API laravel\\en\\laravelApiWithMail\\vendor\\symfony\\console\\Application.php(290): Symfony\\Component\\Console\\Application->doRunCommand(Object(Illuminate\\Queue\\Console\\WorkCommand), Object(Symfony\\Component\\Console\\Input\\ArgvInput), Object(Symfony\\Component\\Console\\Output\\ConsoleOutput))\n#49 C:\\Users\\RelesaU\\Desktop\\Nauka\\jezyki\\php\\Laravel\\API laravel\\en\\laravelApiWithMail\\vendor\\symfony\\console\\Application.php(166): Symfony\\Component\\Console\\Application->doRun(Object(Symfony\\Component\\Console\\Input\\ArgvInput), Object(Symfony\\Component\\Console\\Output\\ConsoleOutput))\n#50 C:\\Users\\RelesaU\\Desktop\\Nauka\\jezyki\\php\\Laravel\\API laravel\\en\\laravelApiWithMail\\vendor\\laravel\\framework\\src\\Illuminate\\Console\\Application.php(92): Symfony\\Component\\Console\\Application->run(Object(Symfony\\Component\\Console\\Input\\ArgvInput), Object(Symfony\\Component\\Console\\Output\\ConsoleOutput))\n#51 C:\\Users\\RelesaU\\Desktop\\Nauka\\jezyki\\php\\Laravel\\API laravel\\en\\laravelApiWithMail\\vendor\\laravel\\framework\\src\\Illuminate\\Foundation\\Console\\Kernel.php(129): Illuminate\\Console\\Application->run(Object(Symfony\\Component\\Console\\Input\\ArgvInput), Object(Symfony\\Component\\Console\\Output\\ConsoleOutput))\n#52 C:\\Users\\RelesaU\\Desktop\\Nauka\\jezyki\\php\\Laravel\\API laravel\\en\\laravelApiWithMail\\artisan(37): Illuminate\\Foundation\\Console\\Kernel->handle(Object(Symfony\\Component\\Console\\Input\\ArgvInput), Object(Symfony\\Component\\Console\\Output\\ConsoleOutput))\n#53 {main}', '2021-08-11 14:15:41'),
(12, 'a0a38523-c237-4cf2-b3b7-285210df4e15', 'database', 'default', '{\"uuid\":\"a0a38523-c237-4cf2-b3b7-285210df4e15\",\"displayName\":\"App\\\\Jobs\\\\ClearTokenBlacklist\",\"job\":\"Illuminate\\\\Queue\\\\CallQueuedHandler@call\",\"maxTries\":null,\"maxExceptions\":null,\"backoff\":null,\"timeout\":null,\"retryUntil\":null,\"data\":{\"commandName\":\"App\\\\Jobs\\\\ClearTokenBlacklist\",\"command\":\"O:28:\\\"App\\\\Jobs\\\\ClearTokenBlacklist\\\":10:{s:3:\\\"job\\\";N;s:10:\\\"connection\\\";N;s:5:\\\"queue\\\";N;s:15:\\\"chainConnection\\\";N;s:10:\\\"chainQueue\\\";N;s:19:\\\"chainCatchCallbacks\\\";N;s:5:\\\"delay\\\";N;s:11:\\\"afterCommit\\\";N;s:10:\\\"middleware\\\";a:0:{}s:7:\\\"chained\\\";a:0:{}}\"}}', 'Illuminate\\Queue\\MaxAttemptsExceededException: App\\Jobs\\ClearTokenBlacklist has been attempted too many times or run too long. The job may have previously timed out. in C:\\Users\\RelesaU\\Desktop\\Nauka\\jezyki\\php\\Laravel\\API laravel\\en\\laravelApiWithMail\\vendor\\laravel\\framework\\src\\Illuminate\\Queue\\Worker.php:717\nStack trace:\n#0 C:\\Users\\RelesaU\\Desktop\\Nauka\\jezyki\\php\\Laravel\\API laravel\\en\\laravelApiWithMail\\vendor\\laravel\\framework\\src\\Illuminate\\Queue\\Worker.php(486): Illuminate\\Queue\\Worker->maxAttemptsExceededException(Object(Illuminate\\Queue\\Jobs\\DatabaseJob))\n#1 C:\\Users\\RelesaU\\Desktop\\Nauka\\jezyki\\php\\Laravel\\API laravel\\en\\laravelApiWithMail\\vendor\\laravel\\framework\\src\\Illuminate\\Queue\\Worker.php(400): Illuminate\\Queue\\Worker->markJobAsFailedIfAlreadyExceedsMaxAttempts(\'database\', Object(Illuminate\\Queue\\Jobs\\DatabaseJob), 1)\n#2 C:\\Users\\RelesaU\\Desktop\\Nauka\\jezyki\\php\\Laravel\\API laravel\\en\\laravelApiWithMail\\vendor\\laravel\\framework\\src\\Illuminate\\Queue\\Worker.php(360): Illuminate\\Queue\\Worker->process(\'database\', Object(Illuminate\\Queue\\Jobs\\DatabaseJob), Object(Illuminate\\Queue\\WorkerOptions))\n#3 C:\\Users\\RelesaU\\Desktop\\Nauka\\jezyki\\php\\Laravel\\API laravel\\en\\laravelApiWithMail\\vendor\\laravel\\framework\\src\\Illuminate\\Queue\\Worker.php(158): Illuminate\\Queue\\Worker->runJob(Object(Illuminate\\Queue\\Jobs\\DatabaseJob), \'database\', Object(Illuminate\\Queue\\WorkerOptions))\n#4 C:\\Users\\RelesaU\\Desktop\\Nauka\\jezyki\\php\\Laravel\\API laravel\\en\\laravelApiWithMail\\vendor\\laravel\\framework\\src\\Illuminate\\Queue\\Console\\WorkCommand.php(117): Illuminate\\Queue\\Worker->daemon(\'database\', \'default\', Object(Illuminate\\Queue\\WorkerOptions))\n#5 C:\\Users\\RelesaU\\Desktop\\Nauka\\jezyki\\php\\Laravel\\API laravel\\en\\laravelApiWithMail\\vendor\\laravel\\framework\\src\\Illuminate\\Queue\\Console\\WorkCommand.php(101): Illuminate\\Queue\\Console\\WorkCommand->runWorker(\'database\', \'default\')\n#6 C:\\Users\\RelesaU\\Desktop\\Nauka\\jezyki\\php\\Laravel\\API laravel\\en\\laravelApiWithMail\\vendor\\laravel\\framework\\src\\Illuminate\\Container\\BoundMethod.php(36): Illuminate\\Queue\\Console\\WorkCommand->handle()\n#7 C:\\Users\\RelesaU\\Desktop\\Nauka\\jezyki\\php\\Laravel\\API laravel\\en\\laravelApiWithMail\\vendor\\laravel\\framework\\src\\Illuminate\\Container\\Util.php(40): Illuminate\\Container\\BoundMethod::Illuminate\\Container\\{closure}()\n#8 C:\\Users\\RelesaU\\Desktop\\Nauka\\jezyki\\php\\Laravel\\API laravel\\en\\laravelApiWithMail\\vendor\\laravel\\framework\\src\\Illuminate\\Container\\BoundMethod.php(93): Illuminate\\Container\\Util::unwrapIfClosure(Object(Closure))\n#9 C:\\Users\\RelesaU\\Desktop\\Nauka\\jezyki\\php\\Laravel\\API laravel\\en\\laravelApiWithMail\\vendor\\laravel\\framework\\src\\Illuminate\\Container\\BoundMethod.php(37): Illuminate\\Container\\BoundMethod::callBoundMethod(Object(Illuminate\\Foundation\\Application), Array, Object(Closure))\n#10 C:\\Users\\RelesaU\\Desktop\\Nauka\\jezyki\\php\\Laravel\\API laravel\\en\\laravelApiWithMail\\vendor\\laravel\\framework\\src\\Illuminate\\Container\\Container.php(611): Illuminate\\Container\\BoundMethod::call(Object(Illuminate\\Foundation\\Application), Array, Array, NULL)\n#11 C:\\Users\\RelesaU\\Desktop\\Nauka\\jezyki\\php\\Laravel\\API laravel\\en\\laravelApiWithMail\\vendor\\laravel\\framework\\src\\Illuminate\\Console\\Command.php(136): Illuminate\\Container\\Container->call(Array)\n#12 C:\\Users\\RelesaU\\Desktop\\Nauka\\jezyki\\php\\Laravel\\API laravel\\en\\laravelApiWithMail\\vendor\\symfony\\console\\Command\\Command.php(256): Illuminate\\Console\\Command->execute(Object(Symfony\\Component\\Console\\Input\\ArgvInput), Object(Illuminate\\Console\\OutputStyle))\n#13 C:\\Users\\RelesaU\\Desktop\\Nauka\\jezyki\\php\\Laravel\\API laravel\\en\\laravelApiWithMail\\vendor\\laravel\\framework\\src\\Illuminate\\Console\\Command.php(121): Symfony\\Component\\Console\\Command\\Command->run(Object(Symfony\\Component\\Console\\Input\\ArgvInput), Object(Illuminate\\Console\\OutputStyle))\n#14 C:\\Users\\RelesaU\\Desktop\\Nauka\\jezyki\\php\\Laravel\\API laravel\\en\\laravelApiWithMail\\vendor\\symfony\\console\\Application.php(971): Illuminate\\Console\\Command->run(Object(Symfony\\Component\\Console\\Input\\ArgvInput), Object(Symfony\\Component\\Console\\Output\\ConsoleOutput))\n#15 C:\\Users\\RelesaU\\Desktop\\Nauka\\jezyki\\php\\Laravel\\API laravel\\en\\laravelApiWithMail\\vendor\\symfony\\console\\Application.php(290): Symfony\\Component\\Console\\Application->doRunCommand(Object(Illuminate\\Queue\\Console\\WorkCommand), Object(Symfony\\Component\\Console\\Input\\ArgvInput), Object(Symfony\\Component\\Console\\Output\\ConsoleOutput))\n#16 C:\\Users\\RelesaU\\Desktop\\Nauka\\jezyki\\php\\Laravel\\API laravel\\en\\laravelApiWithMail\\vendor\\symfony\\console\\Application.php(166): Symfony\\Component\\Console\\Application->doRun(Object(Symfony\\Component\\Console\\Input\\ArgvInput), Object(Symfony\\Component\\Console\\Output\\ConsoleOutput))\n#17 C:\\Users\\RelesaU\\Desktop\\Nauka\\jezyki\\php\\Laravel\\API laravel\\en\\laravelApiWithMail\\vendor\\laravel\\framework\\src\\Illuminate\\Console\\Application.php(92): Symfony\\Component\\Console\\Application->run(Object(Symfony\\Component\\Console\\Input\\ArgvInput), Object(Symfony\\Component\\Console\\Output\\ConsoleOutput))\n#18 C:\\Users\\RelesaU\\Desktop\\Nauka\\jezyki\\php\\Laravel\\API laravel\\en\\laravelApiWithMail\\vendor\\laravel\\framework\\src\\Illuminate\\Foundation\\Console\\Kernel.php(129): Illuminate\\Console\\Application->run(Object(Symfony\\Component\\Console\\Input\\ArgvInput), Object(Symfony\\Component\\Console\\Output\\ConsoleOutput))\n#19 C:\\Users\\RelesaU\\Desktop\\Nauka\\jezyki\\php\\Laravel\\API laravel\\en\\laravelApiWithMail\\artisan(37): Illuminate\\Foundation\\Console\\Kernel->handle(Object(Symfony\\Component\\Console\\Input\\ArgvInput), Object(Symfony\\Component\\Console\\Output\\ConsoleOutput))\n#20 {main}', '2021-08-11 14:20:04'),
(13, 'e1dc61a4-6a93-4682-bdb1-edc68d797ffb', 'database', 'default', '{\"uuid\":\"e1dc61a4-6a93-4682-bdb1-edc68d797ffb\",\"displayName\":\"App\\\\Mail\\\\TestEmail\",\"job\":\"Illuminate\\\\Queue\\\\CallQueuedHandler@call\",\"maxTries\":null,\"maxExceptions\":null,\"backoff\":\"\",\"timeout\":null,\"retryUntil\":null,\"data\":{\"commandName\":\"Illuminate\\\\Mail\\\\SendQueuedMailable\",\"command\":\"O:34:\\\"Illuminate\\\\Mail\\\\SendQueuedMailable\\\":13:{s:8:\\\"mailable\\\";O:18:\\\"App\\\\Mail\\\\TestEmail\\\":29:{s:14:\\\"recipientEmail\\\";s:28:\\\"{\\\"1\\\":\\\"maciejmlyn@gazeta.pl\\\"}\\\";s:6:\\\"locale\\\";N;s:4:\\\"from\\\";a:0:{}s:2:\\\"to\\\";a:0:{}s:2:\\\"cc\\\";a:0:{}s:3:\\\"bcc\\\";a:1:{i:0;a:2:{s:4:\\\"name\\\";N;s:7:\\\"address\\\";s:20:\\\"maciejmlyn@gazeta.pl\\\";}}s:7:\\\"replyTo\\\";a:0:{}s:7:\\\"subject\\\";N;s:11:\\\"\\u0000*\\u0000markdown\\\";N;s:7:\\\"\\u0000*\\u0000html\\\";N;s:4:\\\"view\\\";N;s:8:\\\"textView\\\";N;s:8:\\\"viewData\\\";a:0:{}s:11:\\\"attachments\\\";a:0:{}s:14:\\\"rawAttachments\\\";a:0:{}s:15:\\\"diskAttachments\\\";a:0:{}s:9:\\\"callbacks\\\";a:0:{}s:5:\\\"theme\\\";N;s:6:\\\"mailer\\\";s:4:\\\"smtp\\\";s:29:\\\"\\u0000*\\u0000assertionableRenderStrings\\\";N;s:10:\\\"connection\\\";N;s:5:\\\"queue\\\";N;s:15:\\\"chainConnection\\\";N;s:10:\\\"chainQueue\\\";N;s:19:\\\"chainCatchCallbacks\\\";N;s:5:\\\"delay\\\";N;s:11:\\\"afterCommit\\\";N;s:10:\\\"middleware\\\";a:0:{}s:7:\\\"chained\\\";a:0:{}}s:5:\\\"tries\\\";N;s:7:\\\"timeout\\\";N;s:17:\\\"shouldBeEncrypted\\\";b:0;s:10:\\\"connection\\\";N;s:5:\\\"queue\\\";N;s:15:\\\"chainConnection\\\";N;s:10:\\\"chainQueue\\\";N;s:19:\\\"chainCatchCallbacks\\\";N;s:5:\\\"delay\\\";N;s:11:\\\"afterCommit\\\";N;s:10:\\\"middleware\\\";a:0:{}s:7:\\\"chained\\\";a:0:{}}\"}}', 'Swift_TransportException: Expected response code 250 but got code \"554\", with message \"554 5.7.1 <END-OF-MESSAGE>: End-of-data rejected: Throttling quota exceeded\r\n\" in C:\\Users\\RelesaU\\Desktop\\Nauka\\jezyki\\php\\Laravel\\API laravel\\en\\laravelApiWithMail\\vendor\\swiftmailer\\swiftmailer\\lib\\classes\\Swift\\Transport\\AbstractSmtpTransport.php:459\nStack trace:\n#0 C:\\Users\\RelesaU\\Desktop\\Nauka\\jezyki\\php\\Laravel\\API laravel\\en\\laravelApiWithMail\\vendor\\swiftmailer\\swiftmailer\\lib\\classes\\Swift\\Transport\\AbstractSmtpTransport.php(344): Swift_Transport_AbstractSmtpTransport->assertResponseCode(\'554 5.7.1 <END-...\', Array)\n#1 C:\\Users\\RelesaU\\Desktop\\Nauka\\jezyki\\php\\Laravel\\API laravel\\en\\laravelApiWithMail\\vendor\\swiftmailer\\swiftmailer\\lib\\classes\\Swift\\Transport\\EsmtpTransport.php(305): Swift_Transport_AbstractSmtpTransport->executeCommand(\'\\r\\n.\\r\\n\', Array, Array, false, NULL)\n#2 C:\\Users\\RelesaU\\Desktop\\Nauka\\jezyki\\php\\Laravel\\API laravel\\en\\laravelApiWithMail\\vendor\\swiftmailer\\swiftmailer\\lib\\classes\\Swift\\Transport\\AbstractSmtpTransport.php(406): Swift_Transport_EsmtpTransport->executeCommand(\'\\r\\n.\\r\\n\', Array)\n#3 C:\\Users\\RelesaU\\Desktop\\Nauka\\jezyki\\php\\Laravel\\API laravel\\en\\laravelApiWithMail\\vendor\\swiftmailer\\swiftmailer\\lib\\classes\\Swift\\Transport\\AbstractSmtpTransport.php(502): Swift_Transport_AbstractSmtpTransport->streamMessage(Object(Swift_Message))\n#4 C:\\Users\\RelesaU\\Desktop\\Nauka\\jezyki\\php\\Laravel\\API laravel\\en\\laravelApiWithMail\\vendor\\swiftmailer\\swiftmailer\\lib\\classes\\Swift\\Transport\\AbstractSmtpTransport.php(518): Swift_Transport_AbstractSmtpTransport->doMailTransaction(Object(Swift_Message), \'test@u241127.st...\', Array, Array)\n#5 C:\\Users\\RelesaU\\Desktop\\Nauka\\jezyki\\php\\Laravel\\API laravel\\en\\laravelApiWithMail\\vendor\\swiftmailer\\swiftmailer\\lib\\classes\\Swift\\Transport\\AbstractSmtpTransport.php(206): Swift_Transport_AbstractSmtpTransport->sendTo(Object(Swift_Message), \'test@u241127.st...\', Array, Array)\n#6 C:\\Users\\RelesaU\\Desktop\\Nauka\\jezyki\\php\\Laravel\\API laravel\\en\\laravelApiWithMail\\vendor\\swiftmailer\\swiftmailer\\lib\\classes\\Swift\\Mailer.php(71): Swift_Transport_AbstractSmtpTransport->send(Object(Swift_Message), Array)\n#7 C:\\Users\\RelesaU\\Desktop\\Nauka\\jezyki\\php\\Laravel\\API laravel\\en\\laravelApiWithMail\\vendor\\laravel\\framework\\src\\Illuminate\\Mail\\Mailer.php(521): Swift_Mailer->send(Object(Swift_Message), Array)\n#8 C:\\Users\\RelesaU\\Desktop\\Nauka\\jezyki\\php\\Laravel\\API laravel\\en\\laravelApiWithMail\\vendor\\laravel\\framework\\src\\Illuminate\\Mail\\Mailer.php(288): Illuminate\\Mail\\Mailer->sendSwiftMessage(Object(Swift_Message))\n#9 C:\\Users\\RelesaU\\Desktop\\Nauka\\jezyki\\php\\Laravel\\API laravel\\en\\laravelApiWithMail\\vendor\\laravel\\framework\\src\\Illuminate\\Mail\\Mailable.php(186): Illuminate\\Mail\\Mailer->send(Object(Illuminate\\Support\\HtmlString), Array, Object(Closure))\n#10 C:\\Users\\RelesaU\\Desktop\\Nauka\\jezyki\\php\\Laravel\\API laravel\\en\\laravelApiWithMail\\vendor\\laravel\\framework\\src\\Illuminate\\Support\\Traits\\Localizable.php(19): Illuminate\\Mail\\Mailable->Illuminate\\Mail\\{closure}()\n#11 C:\\Users\\RelesaU\\Desktop\\Nauka\\jezyki\\php\\Laravel\\API laravel\\en\\laravelApiWithMail\\vendor\\laravel\\framework\\src\\Illuminate\\Mail\\Mailable.php(187): Illuminate\\Mail\\Mailable->withLocale(NULL, Object(Closure))\n#12 C:\\Users\\RelesaU\\Desktop\\Nauka\\jezyki\\php\\Laravel\\API laravel\\en\\laravelApiWithMail\\vendor\\laravel\\framework\\src\\Illuminate\\Mail\\SendQueuedMailable.php(65): Illuminate\\Mail\\Mailable->send(Object(Illuminate\\Mail\\MailManager))\n#13 C:\\Users\\RelesaU\\Desktop\\Nauka\\jezyki\\php\\Laravel\\API laravel\\en\\laravelApiWithMail\\vendor\\laravel\\framework\\src\\Illuminate\\Container\\BoundMethod.php(36): Illuminate\\Mail\\SendQueuedMailable->handle(Object(Illuminate\\Mail\\MailManager))\n#14 C:\\Users\\RelesaU\\Desktop\\Nauka\\jezyki\\php\\Laravel\\API laravel\\en\\laravelApiWithMail\\vendor\\laravel\\framework\\src\\Illuminate\\Container\\Util.php(40): Illuminate\\Container\\BoundMethod::Illuminate\\Container\\{closure}()\n#15 C:\\Users\\RelesaU\\Desktop\\Nauka\\jezyki\\php\\Laravel\\API laravel\\en\\laravelApiWithMail\\vendor\\laravel\\framework\\src\\Illuminate\\Container\\BoundMethod.php(93): Illuminate\\Container\\Util::unwrapIfClosure(Object(Closure))\n#16 C:\\Users\\RelesaU\\Desktop\\Nauka\\jezyki\\php\\Laravel\\API laravel\\en\\laravelApiWithMail\\vendor\\laravel\\framework\\src\\Illuminate\\Container\\BoundMethod.php(37): Illuminate\\Container\\BoundMethod::callBoundMethod(Object(Illuminate\\Foundation\\Application), Array, Object(Closure))\n#17 C:\\Users\\RelesaU\\Desktop\\Nauka\\jezyki\\php\\Laravel\\API laravel\\en\\laravelApiWithMail\\vendor\\laravel\\framework\\src\\Illuminate\\Container\\Container.php(611): Illuminate\\Container\\BoundMethod::call(Object(Illuminate\\Foundation\\Application), Array, Array, NULL)\n#18 C:\\Users\\RelesaU\\Desktop\\Nauka\\jezyki\\php\\Laravel\\API laravel\\en\\laravelApiWithMail\\vendor\\laravel\\framework\\src\\Illuminate\\Bus\\Dispatcher.php(128): Illuminate\\Container\\Container->call(Array)\n#19 C:\\Users\\RelesaU\\Desktop\\Nauka\\jezyki\\php\\Laravel\\API laravel\\en\\laravelApiWithMail\\vendor\\laravel\\framework\\src\\Illuminate\\Pipeline\\Pipeline.php(128): Illuminate\\Bus\\Dispatcher->Illuminate\\Bus\\{closure}(Object(Illuminate\\Mail\\SendQueuedMailable))\n#20 C:\\Users\\RelesaU\\Desktop\\Nauka\\jezyki\\php\\Laravel\\API laravel\\en\\laravelApiWithMail\\vendor\\laravel\\framework\\src\\Illuminate\\Pipeline\\Pipeline.php(103): Illuminate\\Pipeline\\Pipeline->Illuminate\\Pipeline\\{closure}(Object(Illuminate\\Mail\\SendQueuedMailable))\n#21 C:\\Users\\RelesaU\\Desktop\\Nauka\\jezyki\\php\\Laravel\\API laravel\\en\\laravelApiWithMail\\vendor\\laravel\\framework\\src\\Illuminate\\Bus\\Dispatcher.php(132): Illuminate\\Pipeline\\Pipeline->then(Object(Closure))\n#22 C:\\Users\\RelesaU\\Desktop\\Nauka\\jezyki\\php\\Laravel\\API laravel\\en\\laravelApiWithMail\\vendor\\laravel\\framework\\src\\Illuminate\\Queue\\CallQueuedHandler.php(118): Illuminate\\Bus\\Dispatcher->dispatchNow(Object(Illuminate\\Mail\\SendQueuedMailable), false)\n#23 C:\\Users\\RelesaU\\Desktop\\Nauka\\jezyki\\php\\Laravel\\API laravel\\en\\laravelApiWithMail\\vendor\\laravel\\framework\\src\\Illuminate\\Pipeline\\Pipeline.php(128): Illuminate\\Queue\\CallQueuedHandler->Illuminate\\Queue\\{closure}(Object(Illuminate\\Mail\\SendQueuedMailable))\n#24 C:\\Users\\RelesaU\\Desktop\\Nauka\\jezyki\\php\\Laravel\\API laravel\\en\\laravelApiWithMail\\vendor\\laravel\\framework\\src\\Illuminate\\Pipeline\\Pipeline.php(103): Illuminate\\Pipeline\\Pipeline->Illuminate\\Pipeline\\{closure}(Object(Illuminate\\Mail\\SendQueuedMailable))\n#25 C:\\Users\\RelesaU\\Desktop\\Nauka\\jezyki\\php\\Laravel\\API laravel\\en\\laravelApiWithMail\\vendor\\laravel\\framework\\src\\Illuminate\\Queue\\CallQueuedHandler.php(120): Illuminate\\Pipeline\\Pipeline->then(Object(Closure))\n#26 C:\\Users\\RelesaU\\Desktop\\Nauka\\jezyki\\php\\Laravel\\API laravel\\en\\laravelApiWithMail\\vendor\\laravel\\framework\\src\\Illuminate\\Queue\\CallQueuedHandler.php(70): Illuminate\\Queue\\CallQueuedHandler->dispatchThroughMiddleware(Object(Illuminate\\Queue\\Jobs\\DatabaseJob), Object(Illuminate\\Mail\\SendQueuedMailable))\n#27 C:\\Users\\RelesaU\\Desktop\\Nauka\\jezyki\\php\\Laravel\\API laravel\\en\\laravelApiWithMail\\vendor\\laravel\\framework\\src\\Illuminate\\Queue\\Jobs\\Job.php(98): Illuminate\\Queue\\CallQueuedHandler->call(Object(Illuminate\\Queue\\Jobs\\DatabaseJob), Array)\n#28 C:\\Users\\RelesaU\\Desktop\\Nauka\\jezyki\\php\\Laravel\\API laravel\\en\\laravelApiWithMail\\vendor\\laravel\\framework\\src\\Illuminate\\Queue\\Worker.php(410): Illuminate\\Queue\\Jobs\\Job->fire()\n#29 C:\\Users\\RelesaU\\Desktop\\Nauka\\jezyki\\php\\Laravel\\API laravel\\en\\laravelApiWithMail\\vendor\\laravel\\framework\\src\\Illuminate\\Queue\\Worker.php(360): Illuminate\\Queue\\Worker->process(\'database\', Object(Illuminate\\Queue\\Jobs\\DatabaseJob), Object(Illuminate\\Queue\\WorkerOptions))\n#30 C:\\Users\\RelesaU\\Desktop\\Nauka\\jezyki\\php\\Laravel\\API laravel\\en\\laravelApiWithMail\\vendor\\laravel\\framework\\src\\Illuminate\\Queue\\Worker.php(158): Illuminate\\Queue\\Worker->runJob(Object(Illuminate\\Queue\\Jobs\\DatabaseJob), \'database\', Object(Illuminate\\Queue\\WorkerOptions))\n#31 C:\\Users\\RelesaU\\Desktop\\Nauka\\jezyki\\php\\Laravel\\API laravel\\en\\laravelApiWithMail\\vendor\\laravel\\framework\\src\\Illuminate\\Queue\\Console\\WorkCommand.php(117): Illuminate\\Queue\\Worker->daemon(\'database\', \'default\', Object(Illuminate\\Queue\\WorkerOptions))\n#32 C:\\Users\\RelesaU\\Desktop\\Nauka\\jezyki\\php\\Laravel\\API laravel\\en\\laravelApiWithMail\\vendor\\laravel\\framework\\src\\Illuminate\\Queue\\Console\\WorkCommand.php(101): Illuminate\\Queue\\Console\\WorkCommand->runWorker(\'database\', \'default\')\n#33 C:\\Users\\RelesaU\\Desktop\\Nauka\\jezyki\\php\\Laravel\\API laravel\\en\\laravelApiWithMail\\vendor\\laravel\\framework\\src\\Illuminate\\Container\\BoundMethod.php(36): Illuminate\\Queue\\Console\\WorkCommand->handle()\n#34 C:\\Users\\RelesaU\\Desktop\\Nauka\\jezyki\\php\\Laravel\\API laravel\\en\\laravelApiWithMail\\vendor\\laravel\\framework\\src\\Illuminate\\Container\\Util.php(40): Illuminate\\Container\\BoundMethod::Illuminate\\Container\\{closure}()\n#35 C:\\Users\\RelesaU\\Desktop\\Nauka\\jezyki\\php\\Laravel\\API laravel\\en\\laravelApiWithMail\\vendor\\laravel\\framework\\src\\Illuminate\\Container\\BoundMethod.php(93): Illuminate\\Container\\Util::unwrapIfClosure(Object(Closure))\n#36 C:\\Users\\RelesaU\\Desktop\\Nauka\\jezyki\\php\\Laravel\\API laravel\\en\\laravelApiWithMail\\vendor\\laravel\\framework\\src\\Illuminate\\Container\\BoundMethod.php(37): Illuminate\\Container\\BoundMethod::callBoundMethod(Object(Illuminate\\Foundation\\Application), Array, Object(Closure))\n#37 C:\\Users\\RelesaU\\Desktop\\Nauka\\jezyki\\php\\Laravel\\API laravel\\en\\laravelApiWithMail\\vendor\\laravel\\framework\\src\\Illuminate\\Container\\Container.php(611): Illuminate\\Container\\BoundMethod::call(Object(Illuminate\\Foundation\\Application), Array, Array, NULL)\n#38 C:\\Users\\RelesaU\\Desktop\\Nauka\\jezyki\\php\\Laravel\\API laravel\\en\\laravelApiWithMail\\vendor\\laravel\\framework\\src\\Illuminate\\Console\\Command.php(136): Illuminate\\Container\\Container->call(Array)\n#39 C:\\Users\\RelesaU\\Desktop\\Nauka\\jezyki\\php\\Laravel\\API laravel\\en\\laravelApiWithMail\\vendor\\symfony\\console\\Command\\Command.php(256): Illuminate\\Console\\Command->execute(Object(Symfony\\Component\\Console\\Input\\ArgvInput), Object(Illuminate\\Console\\OutputStyle))\n#40 C:\\Users\\RelesaU\\Desktop\\Nauka\\jezyki\\php\\Laravel\\API laravel\\en\\laravelApiWithMail\\vendor\\laravel\\framework\\src\\Illuminate\\Console\\Command.php(121): Symfony\\Component\\Console\\Command\\Command->run(Object(Symfony\\Component\\Console\\Input\\ArgvInput), Object(Illuminate\\Console\\OutputStyle))\n#41 C:\\Users\\RelesaU\\Desktop\\Nauka\\jezyki\\php\\Laravel\\API laravel\\en\\laravelApiWithMail\\vendor\\symfony\\console\\Application.php(971): Illuminate\\Console\\Command->run(Object(Symfony\\Component\\Console\\Input\\ArgvInput), Object(Symfony\\Component\\Console\\Output\\ConsoleOutput))\n#42 C:\\Users\\RelesaU\\Desktop\\Nauka\\jezyki\\php\\Laravel\\API laravel\\en\\laravelApiWithMail\\vendor\\symfony\\console\\Application.php(290): Symfony\\Component\\Console\\Application->doRunCommand(Object(Illuminate\\Queue\\Console\\WorkCommand), Object(Symfony\\Component\\Console\\Input\\ArgvInput), Object(Symfony\\Component\\Console\\Output\\ConsoleOutput))\n#43 C:\\Users\\RelesaU\\Desktop\\Nauka\\jezyki\\php\\Laravel\\API laravel\\en\\laravelApiWithMail\\vendor\\symfony\\console\\Application.php(166): Symfony\\Component\\Console\\Application->doRun(Object(Symfony\\Component\\Console\\Input\\ArgvInput), Object(Symfony\\Component\\Console\\Output\\ConsoleOutput))\n#44 C:\\Users\\RelesaU\\Desktop\\Nauka\\jezyki\\php\\Laravel\\API laravel\\en\\laravelApiWithMail\\vendor\\laravel\\framework\\src\\Illuminate\\Console\\Application.php(92): Symfony\\Component\\Console\\Application->run(Object(Symfony\\Component\\Console\\Input\\ArgvInput), Object(Symfony\\Component\\Console\\Output\\ConsoleOutput))\n#45 C:\\Users\\RelesaU\\Desktop\\Nauka\\jezyki\\php\\Laravel\\API laravel\\en\\laravelApiWithMail\\vendor\\laravel\\framework\\src\\Illuminate\\Foundation\\Console\\Kernel.php(129): Illuminate\\Console\\Application->run(Object(Symfony\\Component\\Console\\Input\\ArgvInput), Object(Symfony\\Component\\Console\\Output\\ConsoleOutput))\n#46 C:\\Users\\RelesaU\\Desktop\\Nauka\\jezyki\\php\\Laravel\\API laravel\\en\\laravelApiWithMail\\artisan(37): Illuminate\\Foundation\\Console\\Kernel->handle(Object(Symfony\\Component\\Console\\Input\\ArgvInput), Object(Symfony\\Component\\Console\\Output\\ConsoleOutput))\n#47 {main}', '2021-08-18 13:45:52');
INSERT INTO `failed_jobs` (`id`, `uuid`, `connection`, `queue`, `payload`, `exception`, `failed_at`) VALUES
(14, '36e1ef03-635f-498f-a0b3-bb0f032d1691', 'database', 'default', '{\"uuid\":\"36e1ef03-635f-498f-a0b3-bb0f032d1691\",\"displayName\":\"App\\\\Mail\\\\TestEmail\",\"job\":\"Illuminate\\\\Queue\\\\CallQueuedHandler@call\",\"maxTries\":null,\"maxExceptions\":null,\"backoff\":\"\",\"timeout\":null,\"retryUntil\":null,\"data\":{\"commandName\":\"Illuminate\\\\Mail\\\\SendQueuedMailable\",\"command\":\"O:34:\\\"Illuminate\\\\Mail\\\\SendQueuedMailable\\\":13:{s:8:\\\"mailable\\\";O:18:\\\"App\\\\Mail\\\\TestEmail\\\":29:{s:14:\\\"recipientEmail\\\";s:27:\\\"[\\\"tomekmilosz23@gazeta.pl\\\"]\\\";s:6:\\\"locale\\\";N;s:4:\\\"from\\\";a:0:{}s:2:\\\"to\\\";a:0:{}s:2:\\\"cc\\\";a:0:{}s:3:\\\"bcc\\\";a:1:{i:0;a:2:{s:4:\\\"name\\\";N;s:7:\\\"address\\\";s:23:\\\"tomekmilosz23@gazeta.pl\\\";}}s:7:\\\"replyTo\\\";a:0:{}s:7:\\\"subject\\\";N;s:11:\\\"\\u0000*\\u0000markdown\\\";N;s:7:\\\"\\u0000*\\u0000html\\\";N;s:4:\\\"view\\\";N;s:8:\\\"textView\\\";N;s:8:\\\"viewData\\\";a:0:{}s:11:\\\"attachments\\\";a:0:{}s:14:\\\"rawAttachments\\\";a:0:{}s:15:\\\"diskAttachments\\\";a:0:{}s:9:\\\"callbacks\\\";a:0:{}s:5:\\\"theme\\\";N;s:6:\\\"mailer\\\";s:4:\\\"smtp\\\";s:29:\\\"\\u0000*\\u0000assertionableRenderStrings\\\";N;s:10:\\\"connection\\\";N;s:5:\\\"queue\\\";N;s:15:\\\"chainConnection\\\";N;s:10:\\\"chainQueue\\\";N;s:19:\\\"chainCatchCallbacks\\\";N;s:5:\\\"delay\\\";N;s:11:\\\"afterCommit\\\";N;s:10:\\\"middleware\\\";a:0:{}s:7:\\\"chained\\\";a:0:{}}s:5:\\\"tries\\\";N;s:7:\\\"timeout\\\";N;s:17:\\\"shouldBeEncrypted\\\";b:0;s:10:\\\"connection\\\";N;s:5:\\\"queue\\\";N;s:15:\\\"chainConnection\\\";N;s:10:\\\"chainQueue\\\";N;s:19:\\\"chainCatchCallbacks\\\";N;s:5:\\\"delay\\\";N;s:11:\\\"afterCommit\\\";N;s:10:\\\"middleware\\\";a:0:{}s:7:\\\"chained\\\";a:0:{}}\"}}', 'Swift_TransportException: Expected response code 250 but got code \"554\", with message \"554 5.7.1 <END-OF-MESSAGE>: End-of-data rejected: Throttling quota exceeded\r\n\" in C:\\Users\\RelesaU\\Desktop\\Nauka\\jezyki\\php\\Laravel\\API laravel\\en\\laravelApiWithMail\\vendor\\swiftmailer\\swiftmailer\\lib\\classes\\Swift\\Transport\\AbstractSmtpTransport.php:459\nStack trace:\n#0 C:\\Users\\RelesaU\\Desktop\\Nauka\\jezyki\\php\\Laravel\\API laravel\\en\\laravelApiWithMail\\vendor\\swiftmailer\\swiftmailer\\lib\\classes\\Swift\\Transport\\AbstractSmtpTransport.php(344): Swift_Transport_AbstractSmtpTransport->assertResponseCode(\'554 5.7.1 <END-...\', Array)\n#1 C:\\Users\\RelesaU\\Desktop\\Nauka\\jezyki\\php\\Laravel\\API laravel\\en\\laravelApiWithMail\\vendor\\swiftmailer\\swiftmailer\\lib\\classes\\Swift\\Transport\\EsmtpTransport.php(305): Swift_Transport_AbstractSmtpTransport->executeCommand(\'\\r\\n.\\r\\n\', Array, Array, false, NULL)\n#2 C:\\Users\\RelesaU\\Desktop\\Nauka\\jezyki\\php\\Laravel\\API laravel\\en\\laravelApiWithMail\\vendor\\swiftmailer\\swiftmailer\\lib\\classes\\Swift\\Transport\\AbstractSmtpTransport.php(406): Swift_Transport_EsmtpTransport->executeCommand(\'\\r\\n.\\r\\n\', Array)\n#3 C:\\Users\\RelesaU\\Desktop\\Nauka\\jezyki\\php\\Laravel\\API laravel\\en\\laravelApiWithMail\\vendor\\swiftmailer\\swiftmailer\\lib\\classes\\Swift\\Transport\\AbstractSmtpTransport.php(502): Swift_Transport_AbstractSmtpTransport->streamMessage(Object(Swift_Message))\n#4 C:\\Users\\RelesaU\\Desktop\\Nauka\\jezyki\\php\\Laravel\\API laravel\\en\\laravelApiWithMail\\vendor\\swiftmailer\\swiftmailer\\lib\\classes\\Swift\\Transport\\AbstractSmtpTransport.php(518): Swift_Transport_AbstractSmtpTransport->doMailTransaction(Object(Swift_Message), \'test@u241127.st...\', Array, Array)\n#5 C:\\Users\\RelesaU\\Desktop\\Nauka\\jezyki\\php\\Laravel\\API laravel\\en\\laravelApiWithMail\\vendor\\swiftmailer\\swiftmailer\\lib\\classes\\Swift\\Transport\\AbstractSmtpTransport.php(206): Swift_Transport_AbstractSmtpTransport->sendTo(Object(Swift_Message), \'test@u241127.st...\', Array, Array)\n#6 C:\\Users\\RelesaU\\Desktop\\Nauka\\jezyki\\php\\Laravel\\API laravel\\en\\laravelApiWithMail\\vendor\\swiftmailer\\swiftmailer\\lib\\classes\\Swift\\Mailer.php(71): Swift_Transport_AbstractSmtpTransport->send(Object(Swift_Message), Array)\n#7 C:\\Users\\RelesaU\\Desktop\\Nauka\\jezyki\\php\\Laravel\\API laravel\\en\\laravelApiWithMail\\vendor\\laravel\\framework\\src\\Illuminate\\Mail\\Mailer.php(521): Swift_Mailer->send(Object(Swift_Message), Array)\n#8 C:\\Users\\RelesaU\\Desktop\\Nauka\\jezyki\\php\\Laravel\\API laravel\\en\\laravelApiWithMail\\vendor\\laravel\\framework\\src\\Illuminate\\Mail\\Mailer.php(288): Illuminate\\Mail\\Mailer->sendSwiftMessage(Object(Swift_Message))\n#9 C:\\Users\\RelesaU\\Desktop\\Nauka\\jezyki\\php\\Laravel\\API laravel\\en\\laravelApiWithMail\\vendor\\laravel\\framework\\src\\Illuminate\\Mail\\Mailable.php(186): Illuminate\\Mail\\Mailer->send(Object(Illuminate\\Support\\HtmlString), Array, Object(Closure))\n#10 C:\\Users\\RelesaU\\Desktop\\Nauka\\jezyki\\php\\Laravel\\API laravel\\en\\laravelApiWithMail\\vendor\\laravel\\framework\\src\\Illuminate\\Support\\Traits\\Localizable.php(19): Illuminate\\Mail\\Mailable->Illuminate\\Mail\\{closure}()\n#11 C:\\Users\\RelesaU\\Desktop\\Nauka\\jezyki\\php\\Laravel\\API laravel\\en\\laravelApiWithMail\\vendor\\laravel\\framework\\src\\Illuminate\\Mail\\Mailable.php(187): Illuminate\\Mail\\Mailable->withLocale(NULL, Object(Closure))\n#12 C:\\Users\\RelesaU\\Desktop\\Nauka\\jezyki\\php\\Laravel\\API laravel\\en\\laravelApiWithMail\\vendor\\laravel\\framework\\src\\Illuminate\\Mail\\SendQueuedMailable.php(65): Illuminate\\Mail\\Mailable->send(Object(Illuminate\\Mail\\MailManager))\n#13 C:\\Users\\RelesaU\\Desktop\\Nauka\\jezyki\\php\\Laravel\\API laravel\\en\\laravelApiWithMail\\vendor\\laravel\\framework\\src\\Illuminate\\Container\\BoundMethod.php(36): Illuminate\\Mail\\SendQueuedMailable->handle(Object(Illuminate\\Mail\\MailManager))\n#14 C:\\Users\\RelesaU\\Desktop\\Nauka\\jezyki\\php\\Laravel\\API laravel\\en\\laravelApiWithMail\\vendor\\laravel\\framework\\src\\Illuminate\\Container\\Util.php(40): Illuminate\\Container\\BoundMethod::Illuminate\\Container\\{closure}()\n#15 C:\\Users\\RelesaU\\Desktop\\Nauka\\jezyki\\php\\Laravel\\API laravel\\en\\laravelApiWithMail\\vendor\\laravel\\framework\\src\\Illuminate\\Container\\BoundMethod.php(93): Illuminate\\Container\\Util::unwrapIfClosure(Object(Closure))\n#16 C:\\Users\\RelesaU\\Desktop\\Nauka\\jezyki\\php\\Laravel\\API laravel\\en\\laravelApiWithMail\\vendor\\laravel\\framework\\src\\Illuminate\\Container\\BoundMethod.php(37): Illuminate\\Container\\BoundMethod::callBoundMethod(Object(Illuminate\\Foundation\\Application), Array, Object(Closure))\n#17 C:\\Users\\RelesaU\\Desktop\\Nauka\\jezyki\\php\\Laravel\\API laravel\\en\\laravelApiWithMail\\vendor\\laravel\\framework\\src\\Illuminate\\Container\\Container.php(611): Illuminate\\Container\\BoundMethod::call(Object(Illuminate\\Foundation\\Application), Array, Array, NULL)\n#18 C:\\Users\\RelesaU\\Desktop\\Nauka\\jezyki\\php\\Laravel\\API laravel\\en\\laravelApiWithMail\\vendor\\laravel\\framework\\src\\Illuminate\\Bus\\Dispatcher.php(128): Illuminate\\Container\\Container->call(Array)\n#19 C:\\Users\\RelesaU\\Desktop\\Nauka\\jezyki\\php\\Laravel\\API laravel\\en\\laravelApiWithMail\\vendor\\laravel\\framework\\src\\Illuminate\\Pipeline\\Pipeline.php(128): Illuminate\\Bus\\Dispatcher->Illuminate\\Bus\\{closure}(Object(Illuminate\\Mail\\SendQueuedMailable))\n#20 C:\\Users\\RelesaU\\Desktop\\Nauka\\jezyki\\php\\Laravel\\API laravel\\en\\laravelApiWithMail\\vendor\\laravel\\framework\\src\\Illuminate\\Pipeline\\Pipeline.php(103): Illuminate\\Pipeline\\Pipeline->Illuminate\\Pipeline\\{closure}(Object(Illuminate\\Mail\\SendQueuedMailable))\n#21 C:\\Users\\RelesaU\\Desktop\\Nauka\\jezyki\\php\\Laravel\\API laravel\\en\\laravelApiWithMail\\vendor\\laravel\\framework\\src\\Illuminate\\Bus\\Dispatcher.php(132): Illuminate\\Pipeline\\Pipeline->then(Object(Closure))\n#22 C:\\Users\\RelesaU\\Desktop\\Nauka\\jezyki\\php\\Laravel\\API laravel\\en\\laravelApiWithMail\\vendor\\laravel\\framework\\src\\Illuminate\\Queue\\CallQueuedHandler.php(118): Illuminate\\Bus\\Dispatcher->dispatchNow(Object(Illuminate\\Mail\\SendQueuedMailable), false)\n#23 C:\\Users\\RelesaU\\Desktop\\Nauka\\jezyki\\php\\Laravel\\API laravel\\en\\laravelApiWithMail\\vendor\\laravel\\framework\\src\\Illuminate\\Pipeline\\Pipeline.php(128): Illuminate\\Queue\\CallQueuedHandler->Illuminate\\Queue\\{closure}(Object(Illuminate\\Mail\\SendQueuedMailable))\n#24 C:\\Users\\RelesaU\\Desktop\\Nauka\\jezyki\\php\\Laravel\\API laravel\\en\\laravelApiWithMail\\vendor\\laravel\\framework\\src\\Illuminate\\Pipeline\\Pipeline.php(103): Illuminate\\Pipeline\\Pipeline->Illuminate\\Pipeline\\{closure}(Object(Illuminate\\Mail\\SendQueuedMailable))\n#25 C:\\Users\\RelesaU\\Desktop\\Nauka\\jezyki\\php\\Laravel\\API laravel\\en\\laravelApiWithMail\\vendor\\laravel\\framework\\src\\Illuminate\\Queue\\CallQueuedHandler.php(120): Illuminate\\Pipeline\\Pipeline->then(Object(Closure))\n#26 C:\\Users\\RelesaU\\Desktop\\Nauka\\jezyki\\php\\Laravel\\API laravel\\en\\laravelApiWithMail\\vendor\\laravel\\framework\\src\\Illuminate\\Queue\\CallQueuedHandler.php(70): Illuminate\\Queue\\CallQueuedHandler->dispatchThroughMiddleware(Object(Illuminate\\Queue\\Jobs\\DatabaseJob), Object(Illuminate\\Mail\\SendQueuedMailable))\n#27 C:\\Users\\RelesaU\\Desktop\\Nauka\\jezyki\\php\\Laravel\\API laravel\\en\\laravelApiWithMail\\vendor\\laravel\\framework\\src\\Illuminate\\Queue\\Jobs\\Job.php(98): Illuminate\\Queue\\CallQueuedHandler->call(Object(Illuminate\\Queue\\Jobs\\DatabaseJob), Array)\n#28 C:\\Users\\RelesaU\\Desktop\\Nauka\\jezyki\\php\\Laravel\\API laravel\\en\\laravelApiWithMail\\vendor\\laravel\\framework\\src\\Illuminate\\Queue\\Worker.php(410): Illuminate\\Queue\\Jobs\\Job->fire()\n#29 C:\\Users\\RelesaU\\Desktop\\Nauka\\jezyki\\php\\Laravel\\API laravel\\en\\laravelApiWithMail\\vendor\\laravel\\framework\\src\\Illuminate\\Queue\\Worker.php(360): Illuminate\\Queue\\Worker->process(\'database\', Object(Illuminate\\Queue\\Jobs\\DatabaseJob), Object(Illuminate\\Queue\\WorkerOptions))\n#30 C:\\Users\\RelesaU\\Desktop\\Nauka\\jezyki\\php\\Laravel\\API laravel\\en\\laravelApiWithMail\\vendor\\laravel\\framework\\src\\Illuminate\\Queue\\Worker.php(158): Illuminate\\Queue\\Worker->runJob(Object(Illuminate\\Queue\\Jobs\\DatabaseJob), \'database\', Object(Illuminate\\Queue\\WorkerOptions))\n#31 C:\\Users\\RelesaU\\Desktop\\Nauka\\jezyki\\php\\Laravel\\API laravel\\en\\laravelApiWithMail\\vendor\\laravel\\framework\\src\\Illuminate\\Queue\\Console\\WorkCommand.php(117): Illuminate\\Queue\\Worker->daemon(\'database\', \'default\', Object(Illuminate\\Queue\\WorkerOptions))\n#32 C:\\Users\\RelesaU\\Desktop\\Nauka\\jezyki\\php\\Laravel\\API laravel\\en\\laravelApiWithMail\\vendor\\laravel\\framework\\src\\Illuminate\\Queue\\Console\\WorkCommand.php(101): Illuminate\\Queue\\Console\\WorkCommand->runWorker(\'database\', \'default\')\n#33 C:\\Users\\RelesaU\\Desktop\\Nauka\\jezyki\\php\\Laravel\\API laravel\\en\\laravelApiWithMail\\vendor\\laravel\\framework\\src\\Illuminate\\Container\\BoundMethod.php(36): Illuminate\\Queue\\Console\\WorkCommand->handle()\n#34 C:\\Users\\RelesaU\\Desktop\\Nauka\\jezyki\\php\\Laravel\\API laravel\\en\\laravelApiWithMail\\vendor\\laravel\\framework\\src\\Illuminate\\Container\\Util.php(40): Illuminate\\Container\\BoundMethod::Illuminate\\Container\\{closure}()\n#35 C:\\Users\\RelesaU\\Desktop\\Nauka\\jezyki\\php\\Laravel\\API laravel\\en\\laravelApiWithMail\\vendor\\laravel\\framework\\src\\Illuminate\\Container\\BoundMethod.php(93): Illuminate\\Container\\Util::unwrapIfClosure(Object(Closure))\n#36 C:\\Users\\RelesaU\\Desktop\\Nauka\\jezyki\\php\\Laravel\\API laravel\\en\\laravelApiWithMail\\vendor\\laravel\\framework\\src\\Illuminate\\Container\\BoundMethod.php(37): Illuminate\\Container\\BoundMethod::callBoundMethod(Object(Illuminate\\Foundation\\Application), Array, Object(Closure))\n#37 C:\\Users\\RelesaU\\Desktop\\Nauka\\jezyki\\php\\Laravel\\API laravel\\en\\laravelApiWithMail\\vendor\\laravel\\framework\\src\\Illuminate\\Container\\Container.php(611): Illuminate\\Container\\BoundMethod::call(Object(Illuminate\\Foundation\\Application), Array, Array, NULL)\n#38 C:\\Users\\RelesaU\\Desktop\\Nauka\\jezyki\\php\\Laravel\\API laravel\\en\\laravelApiWithMail\\vendor\\laravel\\framework\\src\\Illuminate\\Console\\Command.php(136): Illuminate\\Container\\Container->call(Array)\n#39 C:\\Users\\RelesaU\\Desktop\\Nauka\\jezyki\\php\\Laravel\\API laravel\\en\\laravelApiWithMail\\vendor\\symfony\\console\\Command\\Command.php(256): Illuminate\\Console\\Command->execute(Object(Symfony\\Component\\Console\\Input\\ArgvInput), Object(Illuminate\\Console\\OutputStyle))\n#40 C:\\Users\\RelesaU\\Desktop\\Nauka\\jezyki\\php\\Laravel\\API laravel\\en\\laravelApiWithMail\\vendor\\laravel\\framework\\src\\Illuminate\\Console\\Command.php(121): Symfony\\Component\\Console\\Command\\Command->run(Object(Symfony\\Component\\Console\\Input\\ArgvInput), Object(Illuminate\\Console\\OutputStyle))\n#41 C:\\Users\\RelesaU\\Desktop\\Nauka\\jezyki\\php\\Laravel\\API laravel\\en\\laravelApiWithMail\\vendor\\symfony\\console\\Application.php(971): Illuminate\\Console\\Command->run(Object(Symfony\\Component\\Console\\Input\\ArgvInput), Object(Symfony\\Component\\Console\\Output\\ConsoleOutput))\n#42 C:\\Users\\RelesaU\\Desktop\\Nauka\\jezyki\\php\\Laravel\\API laravel\\en\\laravelApiWithMail\\vendor\\symfony\\console\\Application.php(290): Symfony\\Component\\Console\\Application->doRunCommand(Object(Illuminate\\Queue\\Console\\WorkCommand), Object(Symfony\\Component\\Console\\Input\\ArgvInput), Object(Symfony\\Component\\Console\\Output\\ConsoleOutput))\n#43 C:\\Users\\RelesaU\\Desktop\\Nauka\\jezyki\\php\\Laravel\\API laravel\\en\\laravelApiWithMail\\vendor\\symfony\\console\\Application.php(166): Symfony\\Component\\Console\\Application->doRun(Object(Symfony\\Component\\Console\\Input\\ArgvInput), Object(Symfony\\Component\\Console\\Output\\ConsoleOutput))\n#44 C:\\Users\\RelesaU\\Desktop\\Nauka\\jezyki\\php\\Laravel\\API laravel\\en\\laravelApiWithMail\\vendor\\laravel\\framework\\src\\Illuminate\\Console\\Application.php(92): Symfony\\Component\\Console\\Application->run(Object(Symfony\\Component\\Console\\Input\\ArgvInput), Object(Symfony\\Component\\Console\\Output\\ConsoleOutput))\n#45 C:\\Users\\RelesaU\\Desktop\\Nauka\\jezyki\\php\\Laravel\\API laravel\\en\\laravelApiWithMail\\vendor\\laravel\\framework\\src\\Illuminate\\Foundation\\Console\\Kernel.php(129): Illuminate\\Console\\Application->run(Object(Symfony\\Component\\Console\\Input\\ArgvInput), Object(Symfony\\Component\\Console\\Output\\ConsoleOutput))\n#46 C:\\Users\\RelesaU\\Desktop\\Nauka\\jezyki\\php\\Laravel\\API laravel\\en\\laravelApiWithMail\\artisan(37): Illuminate\\Foundation\\Console\\Kernel->handle(Object(Symfony\\Component\\Console\\Input\\ArgvInput), Object(Symfony\\Component\\Console\\Output\\ConsoleOutput))\n#47 {main}', '2021-08-18 13:50:56'),
(16, '8148998f-f575-4300-bfff-a5ca045ddb31', 'database', 'default', '{\"uuid\":\"8148998f-f575-4300-bfff-a5ca045ddb31\",\"displayName\":\"App\\\\Notifications\\\\UserSearched\",\"job\":\"Illuminate\\\\Queue\\\\CallQueuedHandler@call\",\"maxTries\":null,\"maxExceptions\":null,\"backoff\":\"\",\"timeout\":null,\"retryUntil\":null,\"data\":{\"commandName\":\"Illuminate\\\\Notifications\\\\SendQueuedNotifications\",\"command\":\"O:48:\\\"Illuminate\\\\Notifications\\\\SendQueuedNotifications\\\":16:{s:11:\\\"notifiables\\\";O:45:\\\"Illuminate\\\\Contracts\\\\Database\\\\ModelIdentifier\\\":4:{s:5:\\\"class\\\";s:20:\\\"App\\\\Models\\\\User\\\\User\\\";s:2:\\\"id\\\";a:1:{i:0;i:2;}s:9:\\\"relations\\\";a:0:{}s:10:\\\"connection\\\";s:5:\\\"mysql\\\";}s:12:\\\"notification\\\";O:30:\\\"App\\\\Notifications\\\\UserSearched\\\":11:{s:2:\\\"id\\\";s:36:\\\"08f8b1df-2674-4552-9d01-ea95c1925f3d\\\";s:6:\\\"locale\\\";N;s:10:\\\"connection\\\";N;s:5:\\\"queue\\\";N;s:15:\\\"chainConnection\\\";N;s:10:\\\"chainQueue\\\";N;s:19:\\\"chainCatchCallbacks\\\";N;s:5:\\\"delay\\\";N;s:11:\\\"afterCommit\\\";N;s:10:\\\"middleware\\\";a:0:{}s:7:\\\"chained\\\";a:0:{}}s:8:\\\"channels\\\";a:1:{i:0;s:4:\\\"mail\\\";}s:5:\\\"tries\\\";N;s:7:\\\"timeout\\\";N;s:17:\\\"shouldBeEncrypted\\\";b:0;s:3:\\\"job\\\";N;s:10:\\\"connection\\\";N;s:5:\\\"queue\\\";N;s:15:\\\"chainConnection\\\";N;s:10:\\\"chainQueue\\\";N;s:19:\\\"chainCatchCallbacks\\\";N;s:5:\\\"delay\\\";N;s:11:\\\"afterCommit\\\";N;s:10:\\\"middleware\\\";a:0:{}s:7:\\\"chained\\\";a:0:{}}\"}}', 'ArgumentCountError: Too few arguments to function App\\Mail\\TestEmail::__construct(), 0 passed in C:\\Users\\RelesaU\\Desktop\\Nauka\\jezyki\\php\\Laravel\\API laravel\\en\\laravelApiWithMail\\app\\Notifications\\UserSearched.php on line 46 and exactly 1 expected in C:\\Users\\RelesaU\\Desktop\\Nauka\\jezyki\\php\\Laravel\\API laravel\\en\\laravelApiWithMail\\app\\Mail\\TestEmail.php:24\nStack trace:\n#0 C:\\Users\\RelesaU\\Desktop\\Nauka\\jezyki\\php\\Laravel\\API laravel\\en\\laravelApiWithMail\\app\\Notifications\\UserSearched.php(46): App\\Mail\\TestEmail->__construct()\n#1 C:\\Users\\RelesaU\\Desktop\\Nauka\\jezyki\\php\\Laravel\\API laravel\\en\\laravelApiWithMail\\vendor\\laravel\\framework\\src\\Illuminate\\Notifications\\Channels\\MailChannel.php(51): App\\Notifications\\UserSearched->toMail(Object(App\\Models\\User\\User))\n#2 C:\\Users\\RelesaU\\Desktop\\Nauka\\jezyki\\php\\Laravel\\API laravel\\en\\laravelApiWithMail\\vendor\\laravel\\framework\\src\\Illuminate\\Notifications\\NotificationSender.php(148): Illuminate\\Notifications\\Channels\\MailChannel->send(Object(App\\Models\\User\\User), Object(App\\Notifications\\UserSearched))\n#3 C:\\Users\\RelesaU\\Desktop\\Nauka\\jezyki\\php\\Laravel\\API laravel\\en\\laravelApiWithMail\\vendor\\laravel\\framework\\src\\Illuminate\\Notifications\\NotificationSender.php(106): Illuminate\\Notifications\\NotificationSender->sendToNotifiable(Object(App\\Models\\User\\User), \'c57b3457-7c2d-4...\', Object(App\\Notifications\\UserSearched), \'mail\')\n#4 C:\\Users\\RelesaU\\Desktop\\Nauka\\jezyki\\php\\Laravel\\API laravel\\en\\laravelApiWithMail\\vendor\\laravel\\framework\\src\\Illuminate\\Support\\Traits\\Localizable.php(19): Illuminate\\Notifications\\NotificationSender->Illuminate\\Notifications\\{closure}()\n#5 C:\\Users\\RelesaU\\Desktop\\Nauka\\jezyki\\php\\Laravel\\API laravel\\en\\laravelApiWithMail\\vendor\\laravel\\framework\\src\\Illuminate\\Notifications\\NotificationSender.php(109): Illuminate\\Notifications\\NotificationSender->withLocale(NULL, Object(Closure))\n#6 C:\\Users\\RelesaU\\Desktop\\Nauka\\jezyki\\php\\Laravel\\API laravel\\en\\laravelApiWithMail\\vendor\\laravel\\framework\\src\\Illuminate\\Notifications\\ChannelManager.php(54): Illuminate\\Notifications\\NotificationSender->sendNow(Object(Illuminate\\Database\\Eloquent\\Collection), Object(App\\Notifications\\UserSearched), Array)\n#7 C:\\Users\\RelesaU\\Desktop\\Nauka\\jezyki\\php\\Laravel\\API laravel\\en\\laravelApiWithMail\\vendor\\laravel\\framework\\src\\Illuminate\\Notifications\\SendQueuedNotifications.php(104): Illuminate\\Notifications\\ChannelManager->sendNow(Object(Illuminate\\Database\\Eloquent\\Collection), Object(App\\Notifications\\UserSearched), Array)\n#8 C:\\Users\\RelesaU\\Desktop\\Nauka\\jezyki\\php\\Laravel\\API laravel\\en\\laravelApiWithMail\\vendor\\laravel\\framework\\src\\Illuminate\\Container\\BoundMethod.php(36): Illuminate\\Notifications\\SendQueuedNotifications->handle(Object(Illuminate\\Notifications\\ChannelManager))\n#9 C:\\Users\\RelesaU\\Desktop\\Nauka\\jezyki\\php\\Laravel\\API laravel\\en\\laravelApiWithMail\\vendor\\laravel\\framework\\src\\Illuminate\\Container\\Util.php(40): Illuminate\\Container\\BoundMethod::Illuminate\\Container\\{closure}()\n#10 C:\\Users\\RelesaU\\Desktop\\Nauka\\jezyki\\php\\Laravel\\API laravel\\en\\laravelApiWithMail\\vendor\\laravel\\framework\\src\\Illuminate\\Container\\BoundMethod.php(93): Illuminate\\Container\\Util::unwrapIfClosure(Object(Closure))\n#11 C:\\Users\\RelesaU\\Desktop\\Nauka\\jezyki\\php\\Laravel\\API laravel\\en\\laravelApiWithMail\\vendor\\laravel\\framework\\src\\Illuminate\\Container\\BoundMethod.php(37): Illuminate\\Container\\BoundMethod::callBoundMethod(Object(Illuminate\\Foundation\\Application), Array, Object(Closure))\n#12 C:\\Users\\RelesaU\\Desktop\\Nauka\\jezyki\\php\\Laravel\\API laravel\\en\\laravelApiWithMail\\vendor\\laravel\\framework\\src\\Illuminate\\Container\\Container.php(611): Illuminate\\Container\\BoundMethod::call(Object(Illuminate\\Foundation\\Application), Array, Array, NULL)\n#13 C:\\Users\\RelesaU\\Desktop\\Nauka\\jezyki\\php\\Laravel\\API laravel\\en\\laravelApiWithMail\\vendor\\laravel\\framework\\src\\Illuminate\\Bus\\Dispatcher.php(128): Illuminate\\Container\\Container->call(Array)\n#14 C:\\Users\\RelesaU\\Desktop\\Nauka\\jezyki\\php\\Laravel\\API laravel\\en\\laravelApiWithMail\\vendor\\laravel\\framework\\src\\Illuminate\\Pipeline\\Pipeline.php(128): Illuminate\\Bus\\Dispatcher->Illuminate\\Bus\\{closure}(Object(Illuminate\\Notifications\\SendQueuedNotifications))\n#15 C:\\Users\\RelesaU\\Desktop\\Nauka\\jezyki\\php\\Laravel\\API laravel\\en\\laravelApiWithMail\\vendor\\laravel\\framework\\src\\Illuminate\\Pipeline\\Pipeline.php(103): Illuminate\\Pipeline\\Pipeline->Illuminate\\Pipeline\\{closure}(Object(Illuminate\\Notifications\\SendQueuedNotifications))\n#16 C:\\Users\\RelesaU\\Desktop\\Nauka\\jezyki\\php\\Laravel\\API laravel\\en\\laravelApiWithMail\\vendor\\laravel\\framework\\src\\Illuminate\\Bus\\Dispatcher.php(132): Illuminate\\Pipeline\\Pipeline->then(Object(Closure))\n#17 C:\\Users\\RelesaU\\Desktop\\Nauka\\jezyki\\php\\Laravel\\API laravel\\en\\laravelApiWithMail\\vendor\\laravel\\framework\\src\\Illuminate\\Queue\\CallQueuedHandler.php(118): Illuminate\\Bus\\Dispatcher->dispatchNow(Object(Illuminate\\Notifications\\SendQueuedNotifications), false)\n#18 C:\\Users\\RelesaU\\Desktop\\Nauka\\jezyki\\php\\Laravel\\API laravel\\en\\laravelApiWithMail\\vendor\\laravel\\framework\\src\\Illuminate\\Pipeline\\Pipeline.php(128): Illuminate\\Queue\\CallQueuedHandler->Illuminate\\Queue\\{closure}(Object(Illuminate\\Notifications\\SendQueuedNotifications))\n#19 C:\\Users\\RelesaU\\Desktop\\Nauka\\jezyki\\php\\Laravel\\API laravel\\en\\laravelApiWithMail\\vendor\\laravel\\framework\\src\\Illuminate\\Pipeline\\Pipeline.php(103): Illuminate\\Pipeline\\Pipeline->Illuminate\\Pipeline\\{closure}(Object(Illuminate\\Notifications\\SendQueuedNotifications))\n#20 C:\\Users\\RelesaU\\Desktop\\Nauka\\jezyki\\php\\Laravel\\API laravel\\en\\laravelApiWithMail\\vendor\\laravel\\framework\\src\\Illuminate\\Queue\\CallQueuedHandler.php(120): Illuminate\\Pipeline\\Pipeline->then(Object(Closure))\n#21 C:\\Users\\RelesaU\\Desktop\\Nauka\\jezyki\\php\\Laravel\\API laravel\\en\\laravelApiWithMail\\vendor\\laravel\\framework\\src\\Illuminate\\Queue\\CallQueuedHandler.php(70): Illuminate\\Queue\\CallQueuedHandler->dispatchThroughMiddleware(Object(Illuminate\\Queue\\Jobs\\DatabaseJob), Object(Illuminate\\Notifications\\SendQueuedNotifications))\n#22 C:\\Users\\RelesaU\\Desktop\\Nauka\\jezyki\\php\\Laravel\\API laravel\\en\\laravelApiWithMail\\vendor\\laravel\\framework\\src\\Illuminate\\Queue\\Jobs\\Job.php(98): Illuminate\\Queue\\CallQueuedHandler->call(Object(Illuminate\\Queue\\Jobs\\DatabaseJob), Array)\n#23 C:\\Users\\RelesaU\\Desktop\\Nauka\\jezyki\\php\\Laravel\\API laravel\\en\\laravelApiWithMail\\vendor\\laravel\\framework\\src\\Illuminate\\Queue\\Worker.php(410): Illuminate\\Queue\\Jobs\\Job->fire()\n#24 C:\\Users\\RelesaU\\Desktop\\Nauka\\jezyki\\php\\Laravel\\API laravel\\en\\laravelApiWithMail\\vendor\\laravel\\framework\\src\\Illuminate\\Queue\\Worker.php(360): Illuminate\\Queue\\Worker->process(\'database\', Object(Illuminate\\Queue\\Jobs\\DatabaseJob), Object(Illuminate\\Queue\\WorkerOptions))\n#25 C:\\Users\\RelesaU\\Desktop\\Nauka\\jezyki\\php\\Laravel\\API laravel\\en\\laravelApiWithMail\\vendor\\laravel\\framework\\src\\Illuminate\\Queue\\Worker.php(158): Illuminate\\Queue\\Worker->runJob(Object(Illuminate\\Queue\\Jobs\\DatabaseJob), \'database\', Object(Illuminate\\Queue\\WorkerOptions))\n#26 C:\\Users\\RelesaU\\Desktop\\Nauka\\jezyki\\php\\Laravel\\API laravel\\en\\laravelApiWithMail\\vendor\\laravel\\framework\\src\\Illuminate\\Queue\\Console\\WorkCommand.php(117): Illuminate\\Queue\\Worker->daemon(\'database\', \'default\', Object(Illuminate\\Queue\\WorkerOptions))\n#27 C:\\Users\\RelesaU\\Desktop\\Nauka\\jezyki\\php\\Laravel\\API laravel\\en\\laravelApiWithMail\\vendor\\laravel\\framework\\src\\Illuminate\\Queue\\Console\\WorkCommand.php(101): Illuminate\\Queue\\Console\\WorkCommand->runWorker(\'database\', \'default\')\n#28 C:\\Users\\RelesaU\\Desktop\\Nauka\\jezyki\\php\\Laravel\\API laravel\\en\\laravelApiWithMail\\vendor\\laravel\\framework\\src\\Illuminate\\Container\\BoundMethod.php(36): Illuminate\\Queue\\Console\\WorkCommand->handle()\n#29 C:\\Users\\RelesaU\\Desktop\\Nauka\\jezyki\\php\\Laravel\\API laravel\\en\\laravelApiWithMail\\vendor\\laravel\\framework\\src\\Illuminate\\Container\\Util.php(40): Illuminate\\Container\\BoundMethod::Illuminate\\Container\\{closure}()\n#30 C:\\Users\\RelesaU\\Desktop\\Nauka\\jezyki\\php\\Laravel\\API laravel\\en\\laravelApiWithMail\\vendor\\laravel\\framework\\src\\Illuminate\\Container\\BoundMethod.php(93): Illuminate\\Container\\Util::unwrapIfClosure(Object(Closure))\n#31 C:\\Users\\RelesaU\\Desktop\\Nauka\\jezyki\\php\\Laravel\\API laravel\\en\\laravelApiWithMail\\vendor\\laravel\\framework\\src\\Illuminate\\Container\\BoundMethod.php(37): Illuminate\\Container\\BoundMethod::callBoundMethod(Object(Illuminate\\Foundation\\Application), Array, Object(Closure))\n#32 C:\\Users\\RelesaU\\Desktop\\Nauka\\jezyki\\php\\Laravel\\API laravel\\en\\laravelApiWithMail\\vendor\\laravel\\framework\\src\\Illuminate\\Container\\Container.php(611): Illuminate\\Container\\BoundMethod::call(Object(Illuminate\\Foundation\\Application), Array, Array, NULL)\n#33 C:\\Users\\RelesaU\\Desktop\\Nauka\\jezyki\\php\\Laravel\\API laravel\\en\\laravelApiWithMail\\vendor\\laravel\\framework\\src\\Illuminate\\Console\\Command.php(136): Illuminate\\Container\\Container->call(Array)\n#34 C:\\Users\\RelesaU\\Desktop\\Nauka\\jezyki\\php\\Laravel\\API laravel\\en\\laravelApiWithMail\\vendor\\symfony\\console\\Command\\Command.php(256): Illuminate\\Console\\Command->execute(Object(Symfony\\Component\\Console\\Input\\ArgvInput), Object(Illuminate\\Console\\OutputStyle))\n#35 C:\\Users\\RelesaU\\Desktop\\Nauka\\jezyki\\php\\Laravel\\API laravel\\en\\laravelApiWithMail\\vendor\\laravel\\framework\\src\\Illuminate\\Console\\Command.php(121): Symfony\\Component\\Console\\Command\\Command->run(Object(Symfony\\Component\\Console\\Input\\ArgvInput), Object(Illuminate\\Console\\OutputStyle))\n#36 C:\\Users\\RelesaU\\Desktop\\Nauka\\jezyki\\php\\Laravel\\API laravel\\en\\laravelApiWithMail\\vendor\\symfony\\console\\Application.php(971): Illuminate\\Console\\Command->run(Object(Symfony\\Component\\Console\\Input\\ArgvInput), Object(Symfony\\Component\\Console\\Output\\ConsoleOutput))\n#37 C:\\Users\\RelesaU\\Desktop\\Nauka\\jezyki\\php\\Laravel\\API laravel\\en\\laravelApiWithMail\\vendor\\symfony\\console\\Application.php(290): Symfony\\Component\\Console\\Application->doRunCommand(Object(Illuminate\\Queue\\Console\\WorkCommand), Object(Symfony\\Component\\Console\\Input\\ArgvInput), Object(Symfony\\Component\\Console\\Output\\ConsoleOutput))\n#38 C:\\Users\\RelesaU\\Desktop\\Nauka\\jezyki\\php\\Laravel\\API laravel\\en\\laravelApiWithMail\\vendor\\symfony\\console\\Application.php(166): Symfony\\Component\\Console\\Application->doRun(Object(Symfony\\Component\\Console\\Input\\ArgvInput), Object(Symfony\\Component\\Console\\Output\\ConsoleOutput))\n#39 C:\\Users\\RelesaU\\Desktop\\Nauka\\jezyki\\php\\Laravel\\API laravel\\en\\laravelApiWithMail\\vendor\\laravel\\framework\\src\\Illuminate\\Console\\Application.php(92): Symfony\\Component\\Console\\Application->run(Object(Symfony\\Component\\Console\\Input\\ArgvInput), Object(Symfony\\Component\\Console\\Output\\ConsoleOutput))\n#40 C:\\Users\\RelesaU\\Desktop\\Nauka\\jezyki\\php\\Laravel\\API laravel\\en\\laravelApiWithMail\\vendor\\laravel\\framework\\src\\Illuminate\\Foundation\\Console\\Kernel.php(129): Illuminate\\Console\\Application->run(Object(Symfony\\Component\\Console\\Input\\ArgvInput), Object(Symfony\\Component\\Console\\Output\\ConsoleOutput))\n#41 C:\\Users\\RelesaU\\Desktop\\Nauka\\jezyki\\php\\Laravel\\API laravel\\en\\laravelApiWithMail\\artisan(37): Illuminate\\Foundation\\Console\\Kernel->handle(Object(Symfony\\Component\\Console\\Input\\ArgvInput), Object(Symfony\\Component\\Console\\Output\\ConsoleOutput))\n#42 {main}', '2021-08-18 14:16:03');

-- --------------------------------------------------------

--
-- Table structure for table `jobs`
--

CREATE TABLE `jobs` (
  `id` bigint(20) UNSIGNED NOT NULL,
  `queue` varchar(255) COLLATE utf8mb4_unicode_ci NOT NULL,
  `payload` longtext COLLATE utf8mb4_unicode_ci NOT NULL,
  `attempts` tinyint(3) UNSIGNED NOT NULL,
  `reserved_at` int(10) UNSIGNED DEFAULT NULL,
  `available_at` int(10) UNSIGNED NOT NULL,
  `created_at` int(10) UNSIGNED NOT NULL
) ENGINE=InnoDB DEFAULT CHARSET=utf8mb4 COLLATE=utf8mb4_unicode_ci;

-- --------------------------------------------------------

--
-- Table structure for table `migrations`
--

CREATE TABLE `migrations` (
  `id` int(10) UNSIGNED NOT NULL,
  `migration` varchar(255) COLLATE utf8mb4_unicode_ci NOT NULL,
  `batch` int(11) NOT NULL
) ENGINE=InnoDB DEFAULT CHARSET=utf8mb4 COLLATE=utf8mb4_unicode_ci;

--
-- Dumping data for table `migrations`
--

INSERT INTO `migrations` (`id`, `migration`, `batch`) VALUES
(1, '2014_10_12_000000_create_users_table', 1),
(2, '2019_08_19_000000_create_failed_jobs_table', 1),
(3, '2021_04_14_151712_create_addresses_table', 1),
(4, '2021_04_14_151739_create_professors_table', 1),
(5, '2021_04_14_151754_create_administration_employees_table', 1),
(6, '2021_05_09_095627_create_token_blacklist_table', 1),
(7, '2021_05_09_102110_create_jobs_table', 1),
(8, '2021_06_02_152248_create_api_users_table', 1),
(9, '2021_06_02_152629_create_api_posts_table', 1);

-- --------------------------------------------------------

--
-- Table structure for table `professors`
--

CREATE TABLE `professors` (
  `id` bigint(20) UNSIGNED NOT NULL,
  `user_id` bigint(20) UNSIGNED NOT NULL,
  `phone` varchar(255) COLLATE utf8mb4_unicode_ci NOT NULL,
  `level_of_education` varchar(255) COLLATE utf8mb4_unicode_ci NOT NULL,
  `created_at` timestamp NULL DEFAULT NULL,
  `updated_at` timestamp NULL DEFAULT NULL
) ENGINE=InnoDB DEFAULT CHARSET=utf8mb4 COLLATE=utf8mb4_unicode_ci;

--
-- Dumping data for table `professors`
--

INSERT INTO `professors` (`id`, `user_id`, `phone`, `level_of_education`, `created_at`, `updated_at`) VALUES
(1, 6, '+17638784653', 'Szkoła wyższa', '2021-08-02 18:47:13', '2021-08-02 18:47:13'),
(2, 5, '+18486164017', 'Szkoła średnia', '2021-08-02 18:47:13', '2021-08-02 18:47:13'),
(3, 8, '+14458171817', 'Szkoła średnia', '2021-08-02 18:47:13', '2021-08-02 18:47:13'),
(4, 10, '+14458171817', 'Szkoła średnia', '2021-08-02 18:47:13', '2021-08-02 18:47:13');

-- --------------------------------------------------------

--
-- Table structure for table `token_blacklist`
--

CREATE TABLE `token_blacklist` (
  `id` bigint(20) UNSIGNED NOT NULL,
  `token` varchar(255) COLLATE utf8mb4_unicode_ci NOT NULL,
  `valid` datetime NOT NULL,
  `created_at` timestamp NULL DEFAULT NULL,
  `updated_at` timestamp NULL DEFAULT NULL
) ENGINE=InnoDB DEFAULT CHARSET=utf8mb4 COLLATE=utf8mb4_unicode_ci;

-- --------------------------------------------------------

--
-- Table structure for table `users`
--

CREATE TABLE `users` (
  `id` bigint(20) UNSIGNED NOT NULL,
  `first_name` varchar(255) COLLATE utf8mb4_unicode_ci NOT NULL,
  `last_name` varchar(255) COLLATE utf8mb4_unicode_ci NOT NULL,
  `email` varchar(255) COLLATE utf8mb4_unicode_ci NOT NULL,
  `password` varchar(255) COLLATE utf8mb4_unicode_ci NOT NULL,
  `created_at` timestamp NULL DEFAULT NULL,
  `updated_at` timestamp NULL DEFAULT NULL
) ENGINE=InnoDB DEFAULT CHARSET=utf8mb4 COLLATE=utf8mb4_unicode_ci;

--
-- Dumping data for table `users`
--

INSERT INTO `users` (`id`, `first_name`, `last_name`, `email`, `password`, `created_at`, `updated_at`) VALUES
(1, 'Kale Schuppe', 'Jonas Gulgowski', 'admin@gmail.com', '$2y$10$bD.WxUGOG8dijM24DKS.6u85aVuHqbittO2uQaIB2chFneNcejNP2', '2021-08-02 18:47:12', '2021-08-02 18:47:12'),
(2, 'Alden Kuvalis', 'Carol Howell', 'maciejmlyn@gazeta.pl', '$2y$10$Fna0LVjRE6w9.fIGU.GYA.e1T0wT9U9GMdCx/4X7FmHNRgVo69Vsq', '2021-08-02 18:47:13', '2021-08-02 18:47:13'),
(3, 'Aniyah Rice', 'Charlotte Jacobs', 'ebony.blanda@example.com', '$2y$10$ayJruNZzv0iY.skZYJ9YHO4knM5XtQHdS9goX0bfrzydU3UJQHu/G', '2021-08-02 18:47:13', '2021-08-02 18:47:13'),
(4, 'Juanita Fahey I', 'Mr. Owen Gorczany DDS', 'qshields@example.net', '$2y$10$u4nDiNkWwVMXsqIi6yO28.2HhmxZP0oyTRn/eHWHRRL9UHfHCgV.O', '2021-08-02 18:47:13', '2021-08-02 18:47:13'),
(5, 'Dr. Flo Gulgowski', 'Maeve Okuneva', 'mireya.daugherty@example.org', '$2y$10$PpXXpxtsV.5s9OBVGBrhve7mojrp2KQO42cfy4I9PF3ICZxz5FgCO', '2021-08-02 18:47:13', '2021-08-02 18:47:13'),
(6, 'Prof. Darrick Leannon Jr.', 'Jazmin Huels', 'lwaelchi@example.org', '$2y$10$JUjDNP8wG0BRbD/M/lp9FeMQuUvenC4Wn/oy1ufspKij34A7c2ype', '2021-08-02 18:47:13', '2021-08-02 18:47:13'),
(7, 'Mrs. Marianne Reilly', 'Halle Berge', 'shanelle46@example.com', '$2y$10$dh7Tmazyr5kj4nS.5q2GzulPJqWA.x2IBuSqqzdZvWFQvnYf0ixS2', '2021-08-02 18:47:13', '2021-08-02 18:47:13'),
(8, 'Owen Bosco', 'Ame Heathcote', 'anderson.norval@example.org', '$2y$10$EOUpf2BBV3mZaIL29CrIK.T2kDfNtbUe.tJJW9zt4zJD8mneco5Ru', '2021-08-02 18:47:13', '2021-08-02 18:47:13'),
(9, 'Claire Parisian IV', 'Rylan Nicolas', 'myah95@example.com', '$2y$10$2gj7sJFFtojoYe0FJLQhrenFJjyIbxX27hs/QEawcZlI3mJLFImzi', '2021-08-02 18:47:13', '2021-08-02 18:47:13'),
(10, 'Dr. Einar Mayert Sr.', 'Reagan Prohaska', 'adrain.kassulke@example.org', '$2y$10$GS/iNPz.sR6MJ.WfQmcrze2yjpGgHHa3vziaFil.PA2GksEWQxIOi', '2021-08-02 18:47:13', '2021-08-02 18:47:13'),
(11, 'Pasquale Renner', 'Prof. Angel Weber DVM', 'wwolf@example.net', '$2y$10$PpXXpxtsV.5s9OBVGBrhve7mojrp2KQO42cfy4I9PF3ICZxz5FgCO', '2021-08-02 18:47:13', '2021-08-02 18:47:13');

--
-- Indexes for dumped tables
--

--
-- Indexes for table `addresses`
--
ALTER TABLE `addresses`
  ADD PRIMARY KEY (`id`);

--
-- Indexes for table `administration_employees`
--
ALTER TABLE `administration_employees`
  ADD PRIMARY KEY (`id`),
  ADD KEY `administration_employees_correspondence_address_id_foreign` (`correspondence_address_id`),
  ADD KEY `administration_employees_home_address_id_foreign` (`home_address_id`),
  ADD KEY `administration_employees_user_id_foreign` (`user_id`);

--
-- Indexes for table `api_posts`
--
ALTER TABLE `api_posts`
  ADD PRIMARY KEY (`id`),
  ADD KEY `api_posts_user_id_foreign` (`user_id`);

--
-- Indexes for table `api_users`
--
ALTER TABLE `api_users`
  ADD PRIMARY KEY (`id`),
  ADD UNIQUE KEY `api_users_email_unique` (`email`);

--
-- Indexes for table `failed_jobs`
--
ALTER TABLE `failed_jobs`
  ADD PRIMARY KEY (`id`),
  ADD UNIQUE KEY `failed_jobs_uuid_unique` (`uuid`);

--
-- Indexes for table `jobs`
--
ALTER TABLE `jobs`
  ADD PRIMARY KEY (`id`),
  ADD KEY `jobs_queue_index` (`queue`);

--
-- Indexes for table `migrations`
--
ALTER TABLE `migrations`
  ADD PRIMARY KEY (`id`);

--
-- Indexes for table `professors`
--
ALTER TABLE `professors`
  ADD PRIMARY KEY (`id`),
  ADD KEY `professors_user_id_foreign` (`user_id`);

--
-- Indexes for table `token_blacklist`
--
ALTER TABLE `token_blacklist`
  ADD PRIMARY KEY (`id`);

--
-- Indexes for table `users`
--
ALTER TABLE `users`
  ADD PRIMARY KEY (`id`),
  ADD UNIQUE KEY `users_email_unique` (`email`);

--
-- AUTO_INCREMENT for dumped tables
--

--
-- AUTO_INCREMENT for table `addresses`
--
ALTER TABLE `addresses`
  MODIFY `id` bigint(20) UNSIGNED NOT NULL AUTO_INCREMENT, AUTO_INCREMENT=32;

--
-- AUTO_INCREMENT for table `administration_employees`
--
ALTER TABLE `administration_employees`
  MODIFY `id` bigint(20) UNSIGNED NOT NULL AUTO_INCREMENT, AUTO_INCREMENT=6;

--
-- AUTO_INCREMENT for table `api_posts`
--
ALTER TABLE `api_posts`
  MODIFY `id` bigint(20) UNSIGNED NOT NULL AUTO_INCREMENT;

--
-- AUTO_INCREMENT for table `api_users`
--
ALTER TABLE `api_users`
  MODIFY `id` bigint(20) UNSIGNED NOT NULL AUTO_INCREMENT;

--
-- AUTO_INCREMENT for table `failed_jobs`
--
ALTER TABLE `failed_jobs`
  MODIFY `id` bigint(20) UNSIGNED NOT NULL AUTO_INCREMENT, AUTO_INCREMENT=17;

--
-- AUTO_INCREMENT for table `jobs`
--
ALTER TABLE `jobs`
  MODIFY `id` bigint(20) UNSIGNED NOT NULL AUTO_INCREMENT, AUTO_INCREMENT=44;

--
-- AUTO_INCREMENT for table `migrations`
--
ALTER TABLE `migrations`
  MODIFY `id` int(10) UNSIGNED NOT NULL AUTO_INCREMENT, AUTO_INCREMENT=10;

--
-- AUTO_INCREMENT for table `professors`
--
ALTER TABLE `professors`
  MODIFY `id` bigint(20) UNSIGNED NOT NULL AUTO_INCREMENT, AUTO_INCREMENT=5;

--
-- AUTO_INCREMENT for table `token_blacklist`
--
ALTER TABLE `token_blacklist`
  MODIFY `id` bigint(20) UNSIGNED NOT NULL AUTO_INCREMENT, AUTO_INCREMENT=2;

--
-- AUTO_INCREMENT for table `users`
--
ALTER TABLE `users`
  MODIFY `id` bigint(20) UNSIGNED NOT NULL AUTO_INCREMENT, AUTO_INCREMENT=12;

--
-- Constraints for dumped tables
--

--
-- Constraints for table `administration_employees`
--
ALTER TABLE `administration_employees`
  ADD CONSTRAINT `administration_employees_correspondence_address_id_foreign` FOREIGN KEY (`correspondence_address_id`) REFERENCES `addresses` (`id`),
  ADD CONSTRAINT `administration_employees_home_address_id_foreign` FOREIGN KEY (`home_address_id`) REFERENCES `addresses` (`id`),
  ADD CONSTRAINT `administration_employees_user_id_foreign` FOREIGN KEY (`user_id`) REFERENCES `users` (`id`);

--
-- Constraints for table `api_posts`
--
ALTER TABLE `api_posts`
  ADD CONSTRAINT `api_posts_user_id_foreign` FOREIGN KEY (`user_id`) REFERENCES `api_users` (`id`);

--
-- Constraints for table `professors`
--
ALTER TABLE `professors`
  ADD CONSTRAINT `professors_user_id_foreign` FOREIGN KEY (`user_id`) REFERENCES `users` (`id`);
COMMIT;

/*!40101 SET CHARACTER_SET_CLIENT=@OLD_CHARACTER_SET_CLIENT */;
/*!40101 SET CHARACTER_SET_RESULTS=@OLD_CHARACTER_SET_RESULTS */;
/*!40101 SET COLLATION_CONNECTION=@OLD_COLLATION_CONNECTION */;
